dataset,augmentation,p,seed,ddr,fold
assist2012,attr_mask,0.05,17,0.0,0.0
assist2012,attr_mask,0.05,42,0.0,0.0
assist2012,attr_mask,0.05,1234,0.0,0.0
assist2012,attr_mask,0.1,17,0.0,0.0
assist2012,attr_mask,0.1,42,0.0,0.0
assist2012,attr_mask,0.1,1234,0.0,0.0
assist2012,attr_mask,0.2,17,0.0,0.0
assist2012,attr_mask,0.2,42,0.0,0.0
assist2012,attr_mask,0.2,1234,0.0,0.0
assist2012,attr_mask,0.3,17,0.0,0.0
assist2012,attr_mask,0.3,42,0.0,0.0
assist2012,attr_mask,0.3,1234,0.0,0.0
assist2012,edge_drop,0.05,17,0.0621761658031088,0.0
assist2012,edge_drop,0.05,42,0.038860103626943,0.0
assist2012,edge_drop,0.05,1234,0.0673575129533678,0.0
assist2012,edge_drop,0.1,17,0.0984455958549222,0.0
assist2012,edge_drop,0.1,42,0.0854922279792746,0.0
assist2012,edge_drop,0.1,1234,0.121761658031088,0.0
assist2012,edge_drop,0.2,17,0.1917098445595854,0.0
assist2012,edge_drop,0.2,42,0.2202072538860103,0.0
assist2012,edge_drop,0.2,1234,0.2202072538860103,0.0
assist2012,edge_drop,0.3,17,0.2953367875647668,0.0
assist2012,edge_drop,0.3,42,0.3031088082901554,0.0
assist2012,edge_drop,0.3,1234,0.3290155440414508,0.0
assist2012,node_drop,0.05,17,0.1398963730569948,0.0
assist2012,node_drop,0.05,42,0.0699481865284974,0.0
assist2012,node_drop,0.05,1234,0.1476683937823834,0.0
assist2012,node_drop,0.1,17,0.1787564766839378,0.0
assist2012,node_drop,0.1,42,0.160621761658031,0.0
assist2012,node_drop,0.1,1234,0.266839378238342,0.0
assist2012,node_drop,0.2,17,0.344559585492228,0.0
assist2012,node_drop,0.2,42,0.2927461139896373,0.0
assist2012,node_drop,0.2,1234,0.3678756476683937,0.0
assist2012,node_drop,0.3,17,0.5051813471502591,0.0
assist2012,node_drop,0.3,42,0.4015544041450777,0.0
assist2012,node_drop,0.3,1234,0.6139896373056994,0.0
assist2012,subgraph,0.05,17,0.0103626943005181,0.0
assist2012,subgraph,0.05,42,0.0129533678756476,0.0
assist2012,subgraph,0.05,1234,0.0129533678756476,0.0
assist2012,subgraph,0.1,17,0.0492227979274611,0.0
assist2012,subgraph,0.1,42,0.038860103626943,0.0
assist2012,subgraph,0.1,1234,0.038860103626943,0.0
assist2012,subgraph,0.2,17,0.194300518134715,0.0
assist2012,subgraph,0.2,42,0.1528497409326424,0.0
assist2012,subgraph,0.2,1234,0.1191709844559585,0.0
assist2012,subgraph,0.3,17,0.3160621761658031,0.0
assist2012,subgraph,0.3,42,0.2409326424870466,0.0
assist2012,subgraph,0.3,1234,0.233160621761658,0.0
assist2012,attr_mask,0.05,17,0.0,1.0
assist2012,attr_mask,0.05,42,0.0,1.0
assist2012,attr_mask,0.05,1234,0.0,1.0
assist2012,attr_mask,0.1,17,0.0,1.0
assist2012,attr_mask,0.1,42,0.0,1.0
assist2012,attr_mask,0.1,1234,0.0,1.0
assist2012,attr_mask,0.2,17,0.0,1.0
assist2012,attr_mask,0.2,42,0.0,1.0
assist2012,attr_mask,0.2,1234,0.0,1.0
assist2012,attr_mask,0.3,17,0.0,1.0
assist2012,attr_mask,0.3,42,0.0,1.0
assist2012,attr_mask,0.3,1234,0.0,1.0
assist2012,edge_drop,0.05,17,0.0618556701030927,1.0
assist2012,edge_drop,0.05,42,0.0386597938144329,1.0
assist2012,edge_drop,0.05,1234,0.0670103092783505,1.0
assist2012,edge_drop,0.1,17,0.0979381443298969,1.0
assist2012,edge_drop,0.1,42,0.0850515463917525,1.0
assist2012,edge_drop,0.1,1234,0.1211340206185567,1.0
assist2012,edge_drop,0.2,17,0.1932989690721649,1.0
assist2012,edge_drop,0.2,42,0.2190721649484536,1.0
assist2012,edge_drop,0.2,1234,0.2190721649484536,1.0
assist2012,edge_drop,0.3,17,0.2963917525773196,1.0
assist2012,edge_drop,0.3,42,0.3015463917525773,1.0
assist2012,edge_drop,0.3,1234,0.327319587628866,1.0
assist2012,node_drop,0.05,17,0.1597938144329896,1.0
assist2012,node_drop,0.05,42,0.0515463917525773,1.0
assist2012,node_drop,0.05,1234,0.2010309278350515,1.0
assist2012,node_drop,0.1,17,0.1881443298969072,1.0
assist2012,node_drop,0.1,42,0.1134020618556701,1.0
assist2012,node_drop,0.1,1234,0.3221649484536082,1.0
assist2012,node_drop,0.2,17,0.306701030927835,1.0
assist2012,node_drop,0.2,42,0.3376288659793814,1.0
assist2012,node_drop,0.2,1234,0.4278350515463917,1.0
assist2012,node_drop,0.3,17,0.4510309278350515,1.0
assist2012,node_drop,0.3,42,0.4845360824742268,1.0
assist2012,node_drop,0.3,1234,0.6649484536082474,1.0
assist2012,subgraph,0.05,17,0.0103092783505154,1.0
assist2012,subgraph,0.05,42,0.0128865979381443,1.0
assist2012,subgraph,0.05,1234,0.0103092783505154,1.0
assist2012,subgraph,0.1,17,0.0360824742268041,1.0
assist2012,subgraph,0.1,42,0.0386597938144329,1.0
assist2012,subgraph,0.1,1234,0.0360824742268041,1.0
assist2012,subgraph,0.2,17,0.1211340206185567,1.0
assist2012,subgraph,0.2,42,0.1572164948453608,1.0
assist2012,subgraph,0.2,1234,0.1391752577319587,1.0
assist2012,subgraph,0.3,17,0.2448453608247422,1.0
assist2012,subgraph,0.3,42,0.229381443298969,1.0
assist2012,subgraph,0.3,1234,0.2371134020618556,1.0
assist2012,attr_mask,0.05,17,0.0,2.0
assist2012,attr_mask,0.05,42,0.0,2.0
assist2012,attr_mask,0.05,1234,0.0,2.0
assist2012,attr_mask,0.1,17,0.0,2.0
assist2012,attr_mask,0.1,42,0.0,2.0
assist2012,attr_mask,0.1,1234,0.0,2.0
assist2012,attr_mask,0.2,17,0.0,2.0
assist2012,attr_mask,0.2,42,0.0,2.0
assist2012,attr_mask,0.2,1234,0.0,2.0
assist2012,attr_mask,0.3,17,0.0,2.0
assist2012,attr_mask,0.3,42,0.0,2.0
assist2012,attr_mask,0.3,1234,0.0,2.0
assist2012,edge_drop,0.05,17,0.06282722513089,2.0
assist2012,edge_drop,0.05,42,0.0392670157068062,2.0
assist2012,edge_drop,0.05,1234,0.0680628272251308,2.0
assist2012,edge_drop,0.1,17,0.0994764397905759,2.0
assist2012,edge_drop,0.1,42,0.0863874345549738,2.0
assist2012,edge_drop,0.1,1234,0.1204188481675392,2.0
assist2012,edge_drop,0.2,17,0.1910994764397905,2.0
assist2012,edge_drop,0.2,42,0.2225130890052356,2.0
assist2012,edge_drop,0.2,1234,0.2172774869109947,2.0
assist2012,edge_drop,0.3,17,0.2958115183246073,2.0
assist2012,edge_drop,0.3,42,0.306282722513089,2.0
assist2012,edge_drop,0.3,1234,0.3272251308900523,2.0
assist2012,node_drop,0.05,17,0.1099476439790576,2.0
assist2012,node_drop,0.05,42,0.175392670157068,2.0
assist2012,node_drop,0.05,1234,0.0994764397905759,2.0
assist2012,node_drop,0.1,17,0.1570680628272251,2.0
assist2012,node_drop,0.1,42,0.2382198952879581,2.0
assist2012,node_drop,0.1,1234,0.1780104712041884,2.0
assist2012,node_drop,0.2,17,0.2696335078534031,2.0
assist2012,node_drop,0.2,42,0.4764397905759162,2.0
assist2012,node_drop,0.2,1234,0.3089005235602094,2.0
assist2012,node_drop,0.3,17,0.5523560209424084,2.0
assist2012,node_drop,0.3,42,0.5942408376963351,2.0
assist2012,node_drop,0.3,1234,0.4764397905759162,2.0
assist2012,subgraph,0.05,17,0.0183246073298429,2.0
assist2012,subgraph,0.05,42,0.0104712041884816,2.0
assist2012,subgraph,0.05,1234,0.0157068062827225,2.0
assist2012,subgraph,0.1,17,0.094240837696335,2.0
assist2012,subgraph,0.1,42,0.0392670157068062,2.0
assist2012,subgraph,0.1,1234,0.0392670157068062,2.0
assist2012,subgraph,0.2,17,0.1910994764397905,2.0
assist2012,subgraph,0.2,42,0.1989528795811518,2.0
assist2012,subgraph,0.2,1234,0.1335078534031413,2.0
assist2012,subgraph,0.3,17,0.2696335078534031,2.0
assist2012,subgraph,0.3,42,0.2801047120418848,2.0
assist2012,subgraph,0.3,1234,0.2356020942408377,2.0
junyi,attr_mask,0.05,17,0.0,0.0
junyi,attr_mask,0.05,42,0.0,0.0
junyi,attr_mask,0.05,1234,0.0,0.0
junyi,attr_mask,0.1,17,0.0,0.0
junyi,attr_mask,0.1,42,0.0,0.0
junyi,attr_mask,0.1,1234,0.0,0.0
junyi,attr_mask,0.2,17,0.0,0.0
junyi,attr_mask,0.2,42,0.0,0.0
junyi,attr_mask,0.2,1234,0.0,0.0
junyi,attr_mask,0.3,17,0.0,0.0
junyi,attr_mask,0.3,42,0.0,0.0
junyi,attr_mask,0.3,1234,0.0,0.0
junyi,edge_drop,0.05,17,0.0501858736059479,0.0
junyi,edge_drop,0.05,42,0.0487918215613382,0.0
junyi,edge_drop,0.05,1234,0.0520446096654275,0.0
junyi,edge_drop,0.1,17,0.0920074349442379,0.0
junyi,edge_drop,0.1,42,0.0952602230483271,0.0
junyi,edge_drop,0.1,1234,0.095724907063197,0.0
junyi,edge_drop,0.2,17,0.2007434944237918,0.0
junyi,edge_drop,0.2,42,0.2058550185873606,0.0
junyi,edge_drop,0.2,1234,0.1937732342007435,0.0
junyi,edge_drop,0.3,17,0.3085501858736059,0.0
junyi,edge_drop,0.3,42,0.3025092936802974,0.0
junyi,edge_drop,0.3,1234,0.2908921933085502,0.0
junyi,node_drop,0.05,17,0.1245353159851301,0.0
junyi,node_drop,0.05,42,0.0859665427509293,0.0
junyi,node_drop,0.05,1234,0.116635687732342,0.0
junyi,node_drop,0.1,17,0.1854089219330855,0.0
junyi,node_drop,0.1,42,0.1696096654275093,0.0
junyi,node_drop,0.1,1234,0.2244423791821561,0.0
junyi,node_drop,0.2,17,0.3912639405204461,0.0
junyi,node_drop,0.2,42,0.3991635687732342,0.0
junyi,node_drop,0.2,1234,0.3657063197026022,0.0
junyi,node_drop,0.3,17,0.5106877323420075,0.0
junyi,node_drop,0.3,42,0.5269516728624535,0.0
junyi,node_drop,0.3,1234,0.5362453531598513,0.0
junyi,subgraph,0.05,17,0.0130111524163568,0.0
junyi,subgraph,0.05,42,0.0130111524163568,0.0
junyi,subgraph,0.05,1234,0.0130111524163568,0.0
junyi,subgraph,0.1,17,0.078996282527881,0.0
junyi,subgraph,0.1,42,0.0776022304832713,0.0
junyi,subgraph,0.1,1234,0.0729553903345724,0.0
junyi,subgraph,0.2,17,0.1784386617100371,0.0
junyi,subgraph,0.2,42,0.1770446096654275,0.0
junyi,subgraph,0.2,1234,0.1909851301115241,0.0
junyi,subgraph,0.3,17,0.2876394052044609,0.0
junyi,subgraph,0.3,42,0.2788104089219331,0.0
junyi,subgraph,0.3,1234,0.2876394052044609,0.0
junyi,attr_mask,0.05,17,0.0,1.0
junyi,attr_mask,0.05,42,0.0,1.0
junyi,attr_mask,0.05,1234,0.0,1.0
junyi,attr_mask,0.1,17,0.0,1.0
junyi,attr_mask,0.1,42,0.0,1.0
junyi,attr_mask,0.1,1234,0.0,1.0
junyi,attr_mask,0.2,17,0.0,1.0
junyi,attr_mask,0.2,42,0.0,1.0
junyi,attr_mask,0.2,1234,0.0,1.0
junyi,attr_mask,0.3,17,0.0,1.0
junyi,attr_mask,0.3,42,0.0,1.0
junyi,attr_mask,0.3,1234,0.0,1.0
junyi,edge_drop,0.05,17,0.0502347417840375,1.0
junyi,edge_drop,0.05,42,0.0488262910798122,1.0
junyi,edge_drop,0.05,1234,0.052112676056338,1.0
junyi,edge_drop,0.1,17,0.0924882629107981,1.0
junyi,edge_drop,0.1,42,0.0948356807511737,1.0
junyi,edge_drop,0.1,1234,0.0957746478873239,1.0
junyi,edge_drop,0.2,17,0.2,1.0
junyi,edge_drop,0.2,42,0.2065727699530516,1.0
junyi,edge_drop,0.2,1234,0.1938967136150234,1.0
junyi,edge_drop,0.3,17,0.3089201877934272,1.0
junyi,edge_drop,0.3,42,0.3037558685446009,1.0
junyi,edge_drop,0.3,1234,0.292018779342723,1.0
junyi,node_drop,0.05,17,0.115962441314554,1.0
junyi,node_drop,0.05,42,0.0774647887323943,1.0
junyi,node_drop,0.05,1234,0.1140845070422535,1.0
junyi,node_drop,0.1,17,0.1835680751173709,1.0
junyi,node_drop,0.1,42,0.1812206572769953,1.0
junyi,node_drop,0.1,1234,0.2333333333333333,1.0
junyi,node_drop,0.2,17,0.3704225352112676,1.0
junyi,node_drop,0.2,42,0.3873239436619718,1.0
junyi,node_drop,0.2,1234,0.3896713615023474,1.0
junyi,node_drop,0.3,17,0.5262910798122066,1.0
junyi,node_drop,0.3,42,0.5084507042253521,1.0
junyi,node_drop,0.3,1234,0.531924882629108,1.0
junyi,subgraph,0.05,17,0.0126760563380281,1.0
junyi,subgraph,0.05,42,0.0126760563380281,1.0
junyi,subgraph,0.05,1234,0.0126760563380281,1.0
junyi,subgraph,0.1,17,0.0586854460093896,1.0
junyi,subgraph,0.1,42,0.0718309859154929,1.0
junyi,subgraph,0.1,1234,0.0525821596244131,1.0
junyi,subgraph,0.2,17,0.1568075117370892,1.0
junyi,subgraph,0.2,42,0.152112676056338,1.0
junyi,subgraph,0.2,1234,0.172300469483568,1.0
junyi,subgraph,0.3,17,0.2450704225352112,1.0
junyi,subgraph,0.3,42,0.2596244131455399,1.0
junyi,subgraph,0.3,1234,0.2971830985915493,1.0
junyi,attr_mask,0.05,17,0.0,2.0
junyi,attr_mask,0.05,42,0.0,2.0
junyi,attr_mask,0.05,1234,0.0,2.0
junyi,attr_mask,0.1,17,0.0,2.0
junyi,attr_mask,0.1,42,0.0,2.0
junyi,attr_mask,0.1,1234,0.0,2.0
junyi,attr_mask,0.2,17,0.0,2.0
junyi,attr_mask,0.2,42,0.0,2.0
junyi,attr_mask,0.2,1234,0.0,2.0
junyi,attr_mask,0.3,17,0.0,2.0
junyi,attr_mask,0.3,42,0.0,2.0
junyi,attr_mask,0.3,1234,0.0,2.0
junyi,edge_drop,0.05,17,0.0500927643784786,2.0
junyi,edge_drop,0.05,42,0.0487012987012987,2.0
junyi,edge_drop,0.05,1234,0.0519480519480519,2.0
junyi,edge_drop,0.1,17,0.0918367346938775,2.0
junyi,edge_drop,0.1,42,0.0950834879406308,2.0
junyi,edge_drop,0.1,1234,0.0955473098330241,2.0
junyi,edge_drop,0.2,17,0.2003710575139146,2.0
junyi,edge_drop,0.2,42,0.2054730983302412,2.0
junyi,edge_drop,0.2,1234,0.1934137291280148,2.0
junyi,edge_drop,0.3,17,0.3079777365491651,2.0
junyi,edge_drop,0.3,42,0.3019480519480519,2.0
junyi,edge_drop,0.3,1234,0.2903525046382189,2.0
junyi,node_drop,0.05,17,0.1168831168831168,2.0
junyi,node_drop,0.05,42,0.0830241187384044,2.0
junyi,node_drop,0.05,1234,0.1252319109461966,2.0
junyi,node_drop,0.1,17,0.1757884972170686,2.0
junyi,node_drop,0.1,42,0.174860853432282,2.0
junyi,node_drop,0.1,1234,0.2337662337662337,2.0
junyi,node_drop,0.2,17,0.3641001855287569,2.0
junyi,node_drop,0.2,42,0.3974953617810761,2.0
junyi,node_drop,0.2,1234,0.3910018552875696,2.0
junyi,node_drop,0.3,17,0.5078849721706865,2.0
junyi,node_drop,0.3,42,0.5273654916512059,2.0
junyi,node_drop,0.3,1234,0.525974025974026,2.0
junyi,subgraph,0.05,17,0.0139146567717996,2.0
junyi,subgraph,0.05,42,0.0134508348794063,2.0
junyi,subgraph,0.05,1234,0.0134508348794063,2.0
junyi,subgraph,0.1,17,0.0431354359925788,2.0
junyi,subgraph,0.1,42,0.0556586270871985,2.0
junyi,subgraph,0.1,1234,0.0644712430426716,2.0
junyi,subgraph,0.2,17,0.1205936920222634,2.0
junyi,subgraph,0.2,42,0.1628014842300556,2.0
junyi,subgraph,0.2,1234,0.1813543599257885,2.0
junyi,subgraph,0.3,17,0.2384044526901669,2.0
junyi,subgraph,0.3,42,0.24860853432282,2.0
junyi,subgraph,0.3,1234,0.2847866419294991,2.0
synthetic_c2,attr_mask,0.05,17,0.0,0.0
synthetic_c2,attr_mask,0.05,42,0.0,0.0
synthetic_c2,attr_mask,0.05,1234,0.0,0.0
synthetic_c2,attr_mask,0.1,17,0.0,0.0
synthetic_c2,attr_mask,0.1,42,0.0,0.0
synthetic_c2,attr_mask,0.1,1234,0.0,0.0
synthetic_c2,attr_mask,0.2,17,0.0,0.0
synthetic_c2,attr_mask,0.2,42,0.0,0.0
synthetic_c2,attr_mask,0.2,1234,0.0,0.0
synthetic_c2,attr_mask,0.3,17,0.0,0.0
synthetic_c2,attr_mask,0.3,42,0.0,0.0
synthetic_c2,attr_mask,0.3,1234,0.0,0.0
synthetic_c2,edge_drop,0.05,17,0.0,0.0
synthetic_c2,edge_drop,0.05,42,0.0,0.0
synthetic_c2,edge_drop,0.05,1234,0.0,0.0
synthetic_c2,edge_drop,0.1,17,0.0,0.0
synthetic_c2,edge_drop,0.1,42,0.0,0.0
synthetic_c2,edge_drop,0.1,1234,0.0,0.0
synthetic_c2,edge_drop,0.2,17,0.5,0.0
synthetic_c2,edge_drop,0.2,42,0.0,0.0
synthetic_c2,edge_drop,0.2,1234,0.0,0.0
synthetic_c2,edge_drop,0.3,17,0.5,0.0
synthetic_c2,edge_drop,0.3,42,0.0,0.0
synthetic_c2,edge_drop,0.3,1234,0.0,0.0
synthetic_c2,node_drop,0.05,17,0.0,0.0
synthetic_c2,node_drop,0.05,42,0.0,0.0
synthetic_c2,node_drop,0.05,1234,0.0,0.0
synthetic_c2,node_drop,0.1,17,0.0,0.0
synthetic_c2,node_drop,0.1,42,0.0,0.0
synthetic_c2,node_drop,0.1,1234,0.0,0.0
synthetic_c2,node_drop,0.2,17,1.0,0.0
synthetic_c2,node_drop,0.2,42,0.0,0.0
synthetic_c2,node_drop,0.2,1234,0.0,0.0
synthetic_c2,node_drop,0.3,17,1.0,0.0
synthetic_c2,node_drop,0.3,42,0.0,0.0
synthetic_c2,node_drop,0.3,1234,0.0,0.0
synthetic_c2,subgraph,0.05,17,0.0,0.0
synthetic_c2,subgraph,0.05,42,0.0,0.0
synthetic_c2,subgraph,0.05,1234,0.0,0.0
synthetic_c2,subgraph,0.1,17,0.0,0.0
synthetic_c2,subgraph,0.1,42,0.0,0.0
synthetic_c2,subgraph,0.1,1234,0.0,0.0
synthetic_c2,subgraph,0.2,17,0.0,0.0
synthetic_c2,subgraph,0.2,42,0.0,0.0
synthetic_c2,subgraph,0.2,1234,0.0,0.0
synthetic_c2,subgraph,0.3,17,0.0,0.0
synthetic_c2,subgraph,0.3,42,0.0,0.0
synthetic_c2,subgraph,0.3,1234,0.0,0.0
synthetic_c2,attr_mask,0.05,17,0.0,1.0
synthetic_c2,attr_mask,0.05,42,0.0,1.0
synthetic_c2,attr_mask,0.05,1234,0.0,1.0
synthetic_c2,attr_mask,0.1,17,0.0,1.0
synthetic_c2,attr_mask,0.1,42,0.0,1.0
synthetic_c2,attr_mask,0.1,1234,0.0,1.0
synthetic_c2,attr_mask,0.2,17,0.0,1.0
synthetic_c2,attr_mask,0.2,42,0.0,1.0
synthetic_c2,attr_mask,0.2,1234,0.0,1.0
synthetic_c2,attr_mask,0.3,17,0.0,1.0
synthetic_c2,attr_mask,0.3,42,0.0,1.0
synthetic_c2,attr_mask,0.3,1234,0.0,1.0
synthetic_c2,edge_drop,0.05,17,0.0,1.0
synthetic_c2,edge_drop,0.05,42,0.0,1.0
synthetic_c2,edge_drop,0.05,1234,0.0,1.0
synthetic_c2,edge_drop,0.1,17,0.0,1.0
synthetic_c2,edge_drop,0.1,42,0.0,1.0
synthetic_c2,edge_drop,0.1,1234,0.0,1.0
synthetic_c2,edge_drop,0.2,17,0.5,1.0
synthetic_c2,edge_drop,0.2,42,0.0,1.0
synthetic_c2,edge_drop,0.2,1234,0.0,1.0
synthetic_c2,edge_drop,0.3,17,0.5,1.0
synthetic_c2,edge_drop,0.3,42,0.0,1.0
synthetic_c2,edge_drop,0.3,1234,0.0,1.0
synthetic_c2,node_drop,0.05,17,0.0,1.0
synthetic_c2,node_drop,0.05,42,0.0,1.0
synthetic_c2,node_drop,0.05,1234,0.0,1.0
synthetic_c2,node_drop,0.1,17,0.0,1.0
synthetic_c2,node_drop,0.1,42,0.0,1.0
synthetic_c2,node_drop,0.1,1234,0.0,1.0
synthetic_c2,node_drop,0.2,17,1.0,1.0
synthetic_c2,node_drop,0.2,42,0.0,1.0
synthetic_c2,node_drop,0.2,1234,0.0,1.0
synthetic_c2,node_drop,0.3,17,1.0,1.0
synthetic_c2,node_drop,0.3,42,0.0,1.0
synthetic_c2,node_drop,0.3,1234,0.0,1.0
synthetic_c2,subgraph,0.05,17,0.0,1.0
synthetic_c2,subgraph,0.05,42,0.0,1.0
synthetic_c2,subgraph,0.05,1234,0.0,1.0
synthetic_c2,subgraph,0.1,17,0.0,1.0
synthetic_c2,subgraph,0.1,42,0.0,1.0
synthetic_c2,subgraph,0.1,1234,0.0,1.0
synthetic_c2,subgraph,0.2,17,0.0,1.0
synthetic_c2,subgraph,0.2,42,0.0,1.0
synthetic_c2,subgraph,0.2,1234,0.0,1.0
synthetic_c2,subgraph,0.3,17,0.0,1.0
synthetic_c2,subgraph,0.3,42,0.0,1.0
synthetic_c2,subgraph,0.3,1234,0.0,1.0
synthetic_c2,attr_mask,0.05,17,0.0,2.0
synthetic_c2,attr_mask,0.05,42,0.0,2.0
synthetic_c2,attr_mask,0.05,1234,0.0,2.0
synthetic_c2,attr_mask,0.1,17,0.0,2.0
synthetic_c2,attr_mask,0.1,42,0.0,2.0
synthetic_c2,attr_mask,0.1,1234,0.0,2.0
synthetic_c2,attr_mask,0.2,17,0.0,2.0
synthetic_c2,attr_mask,0.2,42,0.0,2.0
synthetic_c2,attr_mask,0.2,1234,0.0,2.0
synthetic_c2,attr_mask,0.3,17,0.0,2.0
synthetic_c2,attr_mask,0.3,42,0.0,2.0
synthetic_c2,attr_mask,0.3,1234,0.0,2.0
synthetic_c2,edge_drop,0.05,17,0.0,2.0
synthetic_c2,edge_drop,0.05,42,0.0,2.0
synthetic_c2,edge_drop,0.05,1234,0.0,2.0
synthetic_c2,edge_drop,0.1,17,0.0,2.0
synthetic_c2,edge_drop,0.1,42,0.0,2.0
synthetic_c2,edge_drop,0.1,1234,0.0,2.0
synthetic_c2,edge_drop,0.2,17,0.5,2.0
synthetic_c2,edge_drop,0.2,42,0.0,2.0
synthetic_c2,edge_drop,0.2,1234,0.0,2.0
synthetic_c2,edge_drop,0.3,17,0.5,2.0
synthetic_c2,edge_drop,0.3,42,0.0,2.0
synthetic_c2,edge_drop,0.3,1234,0.0,2.0
synthetic_c2,node_drop,0.05,17,0.0,2.0
synthetic_c2,node_drop,0.05,42,0.0,2.0
synthetic_c2,node_drop,0.05,1234,0.0,2.0
synthetic_c2,node_drop,0.1,17,0.0,2.0
synthetic_c2,node_drop,0.1,42,0.0,2.0
synthetic_c2,node_drop,0.1,1234,0.0,2.0
synthetic_c2,node_drop,0.2,17,1.0,2.0
synthetic_c2,node_drop,0.2,42,0.0,2.0
synthetic_c2,node_drop,0.2,1234,0.0,2.0
synthetic_c2,node_drop,0.3,17,1.0,2.0
synthetic_c2,node_drop,0.3,42,0.0,2.0
synthetic_c2,node_drop,0.3,1234,0.0,2.0
synthetic_c2,subgraph,0.05,17,0.0,2.0
synthetic_c2,subgraph,0.05,42,0.0,2.0
synthetic_c2,subgraph,0.05,1234,0.0,2.0
synthetic_c2,subgraph,0.1,17,0.0,2.0
synthetic_c2,subgraph,0.1,42,0.0,2.0
synthetic_c2,subgraph,0.1,1234,0.0,2.0
synthetic_c2,subgraph,0.2,17,0.0,2.0
synthetic_c2,subgraph,0.2,42,0.0,2.0
synthetic_c2,subgraph,0.2,1234,0.0,2.0
synthetic_c2,subgraph,0.3,17,0.0,2.0
synthetic_c2,subgraph,0.3,42,0.0,2.0
synthetic_c2,subgraph,0.3,1234,0.0,2.0
synthetic_c5,attr_mask,0.05,17,0.0,0.0
synthetic_c5,attr_mask,0.05,42,0.0,0.0
synthetic_c5,attr_mask,0.05,1234,0.0,0.0
synthetic_c5,attr_mask,0.1,17,0.0,0.0
synthetic_c5,attr_mask,0.1,42,0.0,0.0
synthetic_c5,attr_mask,0.1,1234,0.0,0.0
synthetic_c5,attr_mask,0.2,17,0.0,0.0
synthetic_c5,attr_mask,0.2,42,0.0,0.0
synthetic_c5,attr_mask,0.2,1234,0.0,0.0
synthetic_c5,attr_mask,0.3,17,0.0,0.0
synthetic_c5,attr_mask,0.3,42,0.0,0.0
synthetic_c5,attr_mask,0.3,1234,0.0,0.0
synthetic_c5,edge_drop,0.05,17,0.0,0.0
synthetic_c5,edge_drop,0.05,42,0.0,0.0
synthetic_c5,edge_drop,0.05,1234,0.0,0.0
synthetic_c5,edge_drop,0.1,17,0.0,0.0
synthetic_c5,edge_drop,0.1,42,0.0,0.0
synthetic_c5,edge_drop,0.1,1234,0.0,0.0
synthetic_c5,edge_drop,0.2,17,0.5,0.0
synthetic_c5,edge_drop,0.2,42,0.0,0.0
synthetic_c5,edge_drop,0.2,1234,0.0,0.0
synthetic_c5,edge_drop,0.3,17,0.5,0.0
synthetic_c5,edge_drop,0.3,42,0.0,0.0
synthetic_c5,edge_drop,0.3,1234,0.0,0.0
synthetic_c5,node_drop,0.05,17,0.0,0.0
synthetic_c5,node_drop,0.05,42,0.0,0.0
synthetic_c5,node_drop,0.05,1234,0.0,0.0
synthetic_c5,node_drop,0.1,17,0.0,0.0
synthetic_c5,node_drop,0.1,42,0.0,0.0
synthetic_c5,node_drop,0.1,1234,0.0,0.0
synthetic_c5,node_drop,0.2,17,0.5,0.0
synthetic_c5,node_drop,0.2,42,0.0,0.0
synthetic_c5,node_drop,0.2,1234,0.0,0.0
synthetic_c5,node_drop,0.3,17,0.5,0.0
synthetic_c5,node_drop,0.3,42,0.0,0.0
synthetic_c5,node_drop,0.3,1234,0.0,0.0
synthetic_c5,subgraph,0.05,17,0.0,0.0
synthetic_c5,subgraph,0.05,42,0.0,0.0
synthetic_c5,subgraph,0.05,1234,0.0,0.0
synthetic_c5,subgraph,0.1,17,0.0,0.0
synthetic_c5,subgraph,0.1,42,0.0,0.0
synthetic_c5,subgraph,0.1,1234,0.0,0.0
synthetic_c5,subgraph,0.2,17,0.0,0.0
synthetic_c5,subgraph,0.2,42,0.0,0.0
synthetic_c5,subgraph,0.2,1234,0.0,0.0
synthetic_c5,subgraph,0.3,17,0.0,0.0
synthetic_c5,subgraph,0.3,42,0.0,0.0
synthetic_c5,subgraph,0.3,1234,0.0,0.0
synthetic_c5,attr_mask,0.05,17,0.0,1.0
synthetic_c5,attr_mask,0.05,42,0.0,1.0
synthetic_c5,attr_mask,0.05,1234,0.0,1.0
synthetic_c5,attr_mask,0.1,17,0.0,1.0
synthetic_c5,attr_mask,0.1,42,0.0,1.0
synthetic_c5,attr_mask,0.1,1234,0.0,1.0
synthetic_c5,attr_mask,0.2,17,0.0,1.0
synthetic_c5,attr_mask,0.2,42,0.0,1.0
synthetic_c5,attr_mask,0.2,1234,0.0,1.0
synthetic_c5,attr_mask,0.3,17,0.0,1.0
synthetic_c5,attr_mask,0.3,42,0.0,1.0
synthetic_c5,attr_mask,0.3,1234,0.0,1.0
synthetic_c5,edge_drop,0.05,17,0.0,1.0
synthetic_c5,edge_drop,0.05,42,0.0,1.0
synthetic_c5,edge_drop,0.05,1234,0.0,1.0
synthetic_c5,edge_drop,0.1,17,0.0,1.0
synthetic_c5,edge_drop,0.1,42,0.0,1.0
synthetic_c5,edge_drop,0.1,1234,0.0,1.0
synthetic_c5,edge_drop,0.2,17,0.5,1.0
synthetic_c5,edge_drop,0.2,42,0.0,1.0
synthetic_c5,edge_drop,0.2,1234,0.0,1.0
synthetic_c5,edge_drop,0.3,17,0.5,1.0
synthetic_c5,edge_drop,0.3,42,0.0,1.0
synthetic_c5,edge_drop,0.3,1234,0.0,1.0
synthetic_c5,node_drop,0.05,17,0.0,1.0
synthetic_c5,node_drop,0.05,42,0.0,1.0
synthetic_c5,node_drop,0.05,1234,0.0,1.0
synthetic_c5,node_drop,0.1,17,0.0,1.0
synthetic_c5,node_drop,0.1,42,0.0,1.0
synthetic_c5,node_drop,0.1,1234,0.0,1.0
synthetic_c5,node_drop,0.2,17,0.5,1.0
synthetic_c5,node_drop,0.2,42,0.0,1.0
synthetic_c5,node_drop,0.2,1234,0.0,1.0
synthetic_c5,node_drop,0.3,17,0.5,1.0
synthetic_c5,node_drop,0.3,42,0.0,1.0
synthetic_c5,node_drop,0.3,1234,0.0,1.0
synthetic_c5,subgraph,0.05,17,0.0,1.0
synthetic_c5,subgraph,0.05,42,0.0,1.0
synthetic_c5,subgraph,0.05,1234,0.0,1.0
synthetic_c5,subgraph,0.1,17,0.0,1.0
synthetic_c5,subgraph,0.1,42,0.0,1.0
synthetic_c5,subgraph,0.1,1234,0.0,1.0
synthetic_c5,subgraph,0.2,17,0.0,1.0
synthetic_c5,subgraph,0.2,42,0.0,1.0
synthetic_c5,subgraph,0.2,1234,0.0,1.0
synthetic_c5,subgraph,0.3,17,0.0,1.0
synthetic_c5,subgraph,0.3,42,0.0,1.0
synthetic_c5,subgraph,0.3,1234,0.0,1.0
synthetic_c5,attr_mask,0.05,17,0.0,2.0
synthetic_c5,attr_mask,0.05,42,0.0,2.0
synthetic_c5,attr_mask,0.05,1234,0.0,2.0
synthetic_c5,attr_mask,0.1,17,0.0,2.0
synthetic_c5,attr_mask,0.1,42,0.0,2.0
synthetic_c5,attr_mask,0.1,1234,0.0,2.0
synthetic_c5,attr_mask,0.2,17,0.0,2.0
synthetic_c5,attr_mask,0.2,42,0.0,2.0
synthetic_c5,attr_mask,0.2,1234,0.0,2.0
synthetic_c5,attr_mask,0.3,17,0.0,2.0
synthetic_c5,attr_mask,0.3,42,0.0,2.0
synthetic_c5,attr_mask,0.3,1234,0.0,2.0
synthetic_c5,edge_drop,0.05,17,0.0,2.0
synthetic_c5,edge_drop,0.05,42,0.0,2.0
synthetic_c5,edge_drop,0.05,1234,0.0,2.0
synthetic_c5,edge_drop,0.1,17,0.0,2.0
synthetic_c5,edge_drop,0.1,42,0.0,2.0
synthetic_c5,edge_drop,0.1,1234,0.0,2.0
synthetic_c5,edge_drop,0.2,17,0.5,2.0
synthetic_c5,edge_drop,0.2,42,0.0,2.0
synthetic_c5,edge_drop,0.2,1234,0.0,2.0
synthetic_c5,edge_drop,0.3,17,0.5,2.0
synthetic_c5,edge_drop,0.3,42,0.0,2.0
synthetic_c5,edge_drop,0.3,1234,0.0,2.0
synthetic_c5,node_drop,0.05,17,0.0,2.0
synthetic_c5,node_drop,0.05,42,0.0,2.0
synthetic_c5,node_drop,0.05,1234,0.0,2.0
synthetic_c5,node_drop,0.1,17,0.0,2.0
synthetic_c5,node_drop,0.1,42,0.0,2.0
synthetic_c5,node_drop,0.1,1234,0.0,2.0
synthetic_c5,node_drop,0.2,17,0.5,2.0
synthetic_c5,node_drop,0.2,42,0.0,2.0
synthetic_c5,node_drop,0.2,1234,0.0,2.0
synthetic_c5,node_drop,0.3,17,0.5,2.0
synthetic_c5,node_drop,0.3,42,0.0,2.0
synthetic_c5,node_drop,0.3,1234,0.0,2.0
synthetic_c5,subgraph,0.05,17,0.0,2.0
synthetic_c5,subgraph,0.05,42,0.0,2.0
synthetic_c5,subgraph,0.05,1234,0.0,2.0
synthetic_c5,subgraph,0.1,17,0.0,2.0
synthetic_c5,subgraph,0.1,42,0.0,2.0
synthetic_c5,subgraph,0.1,1234,0.0,2.0
synthetic_c5,subgraph,0.2,17,0.0,2.0
synthetic_c5,subgraph,0.2,42,0.0,2.0
synthetic_c5,subgraph,0.2,1234,0.0,2.0
synthetic_c5,subgraph,0.3,17,0.0,2.0
synthetic_c5,subgraph,0.3,42,0.0,2.0
synthetic_c5,subgraph,0.3,1234,0.0,2.0
xes3g5m,attr_mask,0.05,17,0.0,0.0
xes3g5m,attr_mask,0.05,42,0.0,0.0
xes3g5m,attr_mask,0.05,1234,0.0,0.0
xes3g5m,attr_mask,0.1,17,0.0,0.0
xes3g5m,attr_mask,0.1,42,0.0,0.0
xes3g5m,attr_mask,0.1,1234,0.0,0.0
xes3g5m,attr_mask,0.2,17,0.0,0.0
xes3g5m,attr_mask,0.2,42,0.0,0.0
xes3g5m,attr_mask,0.2,1234,0.0,0.0
xes3g5m,attr_mask,0.3,17,0.0,0.0
xes3g5m,attr_mask,0.3,42,0.0,0.0
xes3g5m,attr_mask,0.3,1234,0.0,0.0
xes3g5m,edge_drop,0.05,17,0.043029259896729774,0.0
xes3g5m,edge_drop,0.05,42,0.050774526678141134,0.0
xes3g5m,edge_drop,0.05,1234,0.05335628227194492,0.0
xes3g5m,edge_drop,0.1,17,0.09036144578313253,0.0
xes3g5m,edge_drop,0.1,42,0.09380378657487091,0.0
xes3g5m,edge_drop,0.1,1234,0.10068846815834767,0.0
xes3g5m,edge_drop,0.2,17,0.193631669535284,0.0
xes3g5m,edge_drop,0.2,42,0.21428571428571427,0.0
xes3g5m,edge_drop,0.2,1234,0.20395869191049915,0.0
xes3g5m,edge_drop,0.3,17,0.29690189328743544,0.0
xes3g5m,edge_drop,0.3,42,0.30120481927710846,0.0
xes3g5m,edge_drop,0.3,1234,0.29862306368330466,0.0
xes3g5m,node_drop,0.05,17,0.12822719449225473,0.0
xes3g5m,node_drop,0.05,42,0.08347676419965576,0.0
xes3g5m,node_drop,0.05,1234,0.12736660929432014,0.0
xes3g5m,node_drop,0.1,17,0.18416523235800344,0.0
xes3g5m,node_drop,0.1,42,0.16523235800344235,0.0
xes3g5m,node_drop,0.1,1234,0.23580034423407917,0.0
xes3g5m,node_drop,0.2,17,0.3588640275387263,0.0
xes3g5m,node_drop,0.2,42,0.4208261617900172,0.0
xes3g5m,node_drop,0.2,1234,0.3743545611015491,0.0
xes3g5m,node_drop,0.3,17,0.5034423407917383,0.0
xes3g5m,node_drop,0.3,42,0.5473321858864028,0.0
xes3g5m,node_drop,0.3,1234,0.5421686746987951,0.0
xes3g5m,subgraph,0.05,17,0.021514629948364887,0.0
xes3g5m,subgraph,0.05,42,0.024096385542168676,0.0
xes3g5m,subgraph,0.05,1234,0.02323580034423408,0.0
xes3g5m,subgraph,0.1,17,0.055077452667814115,0.0
xes3g5m,subgraph,0.1,42,0.055077452667814115,0.0
xes3g5m,subgraph,0.1,1234,0.058519793459552494,0.0
xes3g5m,subgraph,0.2,17,0.14113597246127366,0.0
xes3g5m,subgraph,0.2,42,0.1514629948364888,0.0
xes3g5m,subgraph,0.2,1234,0.1342512908777969,0.0
xes3g5m,subgraph,0.3,17,0.23493975903614459,0.0
xes3g5m,subgraph,0.3,42,0.24440619621342513,0.0
xes3g5m,subgraph,0.3,1234,0.22633390705679862,0.0
xes3g5m,attr_mask,0.05,17,0.0,1.0
xes3g5m,attr_mask,0.05,42,0.0,1.0
xes3g5m,attr_mask,0.05,1234,0.0,1.0
xes3g5m,attr_mask,0.1,17,0.0,1.0
xes3g5m,attr_mask,0.1,42,0.0,1.0
xes3g5m,attr_mask,0.1,1234,0.0,1.0
xes3g5m,attr_mask,0.2,17,0.0,1.0
xes3g5m,attr_mask,0.2,42,0.0,1.0
xes3g5m,attr_mask,0.2,1234,0.0,1.0
xes3g5m,attr_mask,0.3,17,0.0,1.0
xes3g5m,attr_mask,0.3,42,0.0,1.0
xes3g5m,attr_mask,0.3,1234,0.0,1.0
xes3g5m,edge_drop,0.05,17,0.04235090751944685,1.0
xes3g5m,edge_drop,0.05,42,0.049265341400172864,1.0
xes3g5m,edge_drop,0.05,1234,0.05358686257562662,1.0
xes3g5m,edge_drop,0.1,17,0.08902333621434745,1.0
xes3g5m,edge_drop,0.1,42,0.09248055315471046,1.0
xes3g5m,edge_drop,0.1,1234,0.10112359550561797,1.0
xes3g5m,edge_drop,0.2,17,0.19273984442523767,1.0
xes3g5m,edge_drop,0.2,42,0.21348314606741572,1.0
xes3g5m,edge_drop,0.2,1234,0.2048401037165082,1.0
xes3g5m,edge_drop,0.3,17,0.29559204840103714,1.0
xes3g5m,edge_drop,0.3,42,0.30077787381158166,1.0
xes3g5m,edge_drop,0.3,1234,0.2990492653414002,1.0
xes3g5m,node_drop,0.05,17,0.09075194468452895,1.0
xes3g5m,node_drop,0.05,42,0.10717372515125324,1.0
xes3g5m,node_drop,0.05,1234,0.10112359550561797,1.0
xes3g5m,node_drop,0.1,17,0.17545375972342264,1.0
xes3g5m,node_drop,0.1,42,0.19101123595505617,1.0
xes3g5m,node_drop,0.1,1234,0.2048401037165082,1.0
xes3g5m,node_drop,0.2,17,0.331028522039758,1.0
xes3g5m,node_drop,0.2,42,0.4096802074330164,1.0
xes3g5m,node_drop,0.2,1234,0.4044943820224719,1.0
xes3g5m,node_drop,0.3,17,0.4943820224719101,1.0
xes3g5m,node_drop,0.3,42,0.554019014693172,1.0
xes3g5m,node_drop,0.3,1234,0.5635263612791702,1.0
xes3g5m,subgraph,0.05,17,0.021607605877268798,1.0
xes3g5m,subgraph,0.05,42,0.019878997407087293,1.0
xes3g5m,subgraph,0.05,1234,0.01901469317199654,1.0
xes3g5m,subgraph,0.1,17,0.06309420916162489,1.0
xes3g5m,subgraph,0.1,42,0.05445116681071737,1.0
xes3g5m,subgraph,0.1,1234,0.05099394987035436,1.0
xes3g5m,subgraph,0.2,17,0.1616248919619706,1.0
xes3g5m,subgraph,0.2,42,0.13569576490924806,1.0
xes3g5m,subgraph,0.2,1234,0.12878133102852204,1.0
xes3g5m,subgraph,0.3,17,0.25929127052722556,1.0
xes3g5m,subgraph,0.3,42,0.24027657735522903,1.0
xes3g5m,subgraph,0.3,1234,0.23509075194468454,1.0
xes3g5m,attr_mask,0.05,17,0.0,2.0
xes3g5m,attr_mask,0.05,42,0.0,2.0
xes3g5m,attr_mask,0.05,1234,0.0,2.0
xes3g5m,attr_mask,0.1,17,0.0,2.0
xes3g5m,attr_mask,0.1,42,0.0,2.0
xes3g5m,attr_mask,0.1,1234,0.0,2.0
xes3g5m,attr_mask,0.2,17,0.0,2.0
xes3g5m,attr_mask,0.2,42,0.0,2.0
xes3g5m,attr_mask,0.2,1234,0.0,2.0
xes3g5m,attr_mask,0.3,17,0.0,2.0
xes3g5m,attr_mask,0.3,42,0.0,2.0
xes3g5m,attr_mask,0.3,1234,0.0,2.0
xes3g5m,edge_drop,0.05,17,0.04366438356164384,2.0
xes3g5m,edge_drop,0.05,42,0.05051369863013699,2.0
xes3g5m,edge_drop,0.05,1234,0.05393835616438356,2.0
xes3g5m,edge_drop,0.1,17,0.09075342465753425,2.0
xes3g5m,edge_drop,0.1,42,0.09332191780821918,2.0
xes3g5m,edge_drop,0.1,1234,0.10102739726027397,2.0
xes3g5m,edge_drop,0.2,17,0.1934931506849315,2.0
xes3g5m,edge_drop,0.2,42,0.2148972602739726,2.0
xes3g5m,edge_drop,0.2,1234,0.20376712328767124,2.0
xes3g5m,edge_drop,0.3,17,0.2962328767123288,2.0
xes3g5m,edge_drop,0.3,42,0.3013698630136986,2.0
xes3g5m,edge_drop,0.3,1234,0.2979452054794521,2.0
xes3g5m,node_drop,0.05,17,0.13356164383561644,2.0
xes3g5m,node_drop,0.05,42,0.0839041095890411,2.0
xes3g5m,node_drop,0.05,1234,0.136986301369863,2.0
xes3g5m,node_drop,0.1,17,0.1875,2.0
xes3g5m,node_drop,0.1,42,0.175513698630137,2.0
xes3g5m,node_drop,0.1,1234,0.24315068493150685,2.0
xes3g5m,node_drop,0.2,17,0.3587328767123288,2.0
xes3g5m,node_drop,0.2,42,0.4417808219178082,2.0
xes3g5m,node_drop,0.2,1234,0.3767123287671233,2.0
xes3g5m,node_drop,0.3,17,0.5042808219178082,2.0
xes3g5m,node_drop,0.3,42,0.5625,2.0
xes3g5m,node_drop,0.3,1234,0.5428082191780822,2.0
xes3g5m,subgraph,0.05,17,0.02226027397260274,2.0
xes3g5m,subgraph,0.05,42,0.023116438356164382,2.0
xes3g5m,subgraph,0.05,1234,0.023972602739726026,2.0
xes3g5m,subgraph,0.1,17,0.06592465753424658,2.0
xes3g5m,subgraph,0.1,42,0.059931506849315065,2.0
xes3g5m,subgraph,0.1,1234,0.05565068493150685,2.0
xes3g5m,subgraph,0.2,17,0.1523972602739726,2.0
xes3g5m,subgraph,0.2,42,0.15753424657534246,2.0
xes3g5m,subgraph,0.2,1234,0.14383561643835616,2.0
xes3g5m,subgraph,0.3,17,0.24914383561643835,2.0
xes3g5m,subgraph,0.3,42,0.2345890410958904,2.0
xes3g5m,subgraph,0.3,1234,0.23972602739726026,2.0
