dataset,fold,split_seed,cell_tag,q,k,K,tau,n_pre_to,n_pre_fl,n_pre_fl_minus_to,primary_bind_to,delta,model,slope,slope_ci_hi,bound,bound_conservative,observed_delta_auc,auc_train_only,auc_full_log,abs_observed,bound_holds,slack_ratio,label,delta_w,bound_w,slack_w,bound_w_holds
xes3g5m,0,42,q0.5_k5_K1000_tau0.1,0.5,5,1000,0.1,1000,1000,10,K,0.01,gkt,0.084273703388855,0.0899946100396613,0.0008427370338885499,0.0008999461003966131,,,,,,,q0.5_k5_K1000_tau0.1,0.02045,0.0017233972343020847,,
xes3g5m,0,42,q0.5_k5_K5000_tau0.1,0.5,5,5000,0.1,3213,3292,136,k,0.042328042328042326,gkt,0.084273703388855,0.0899946100396613,0.003567140884184338,0.0038092956630544467,,,,,,,q0.5_k5_K5000_tau0.1,0.02155,0.001816098308029825,,
xes3g5m,0,42,q0.5_k5_Kinf_tau0.1,0.5,5,1000000000,0.1,3213,3292,136,k,0.042328042328042326,gkt,0.084273703388855,0.0899946100396613,0.003567140884184338,0.0038092956630544467,-0.0015124974378112332,0.8411252511647406,0.8396127537269293,0.0015124974378112332,True,2.358444249232199,Review open $q$,0.02155,0.001816098308029825,1.2007281881137855,True
xes3g5m,0,42,q0.5_k20_Kinf_tau0.1,0.5,20,1000000000,0.1,8712,9175,634,k,0.07277318640955005,gkt,0.084273703388855,0.0899946100396613,0.006132865926140274,0.006549194532271037,-0.00048314204028321317,0.8514809582211479,0.8509978161808647,0.00048314204028321317,True,12.693712024201512,$k{=}20$ lift,0.019,0.001601200364388245,3.3141400062177095,True
xes3g5m,0,42,q0.5_kinf_Kinf_tau0.1,0.5,1000000000,1000000000,0.1,17211,19487,2276,q,0.13224100865725408,gkt,0.084273703388855,0.0899946100396613,0.011144439539424436,0.011900978005361055,-0.00043498375195294425,0.852429701926152,0.851994718174199,0.00043498375195294425,True,25.620358207379713,$k{=}\infty$ lift,0.02176,0.0018337957857414847,4.215779963063681,True
xes3g5m,0,42,q0.8_k5_K1000_tau0.1,0.8,5,1000,0.1,1000,1000,10,K,0.01,gkt,0.084273703388855,0.0899946100396613,0.0008427370338885499,0.0008999461003966131,,,,,,,q0.8_k5_K1000_tau0.1,0.02045,0.0017233972343020847,,
xes3g5m,0,42,q0.8_k5_K5000_tau0.1,0.8,5,5000,0.1,2454,2559,125,k,0.05093724531377343,gkt,0.084273703388855,0.0899946100396613,0.004292670303018286,0.004584077528507605,,,,,,,Mid $q$,0.022,0.0018540214745548097,,
xes3g5m,0,42,q0.8_k5_Kinf_tau0.1,0.8,5,1000000000,0.1,2454,2559,125,k,0.05093724531377343,gkt,0.084273703388855,0.0899946100396613,0.004292670303018286,0.004584077528507605,,,,,,,q0.8_k5_Kinf_tau0.1,0.022,0.0018540214745548097,,
xes3g5m,0,42,q0.9_k5_K1000_tau0.1,0.9,5,1000,0.1,1000,1000,10,K,0.01,gkt,0.084273703388855,0.0899946100396613,0.0008427370338885499,0.0008999461003966131,,,,,,,q0.9_k5_K1000_tau0.1,0.02045,0.0017233972343020847,,
xes3g5m,0,42,q0.9_k5_K5000_tau0.1,0.9,5,5000,0.1,1781,1885,114,k,0.06400898371701291,gkt,0.084273703388855,0.0899946100396613,0.005394274107989596,0.005760463528647607,,,,,,,q0.9_k5_K5000_tau0.1,0.02499,0.002105999847687486,,
xes3g5m,0,42,q0.9_k5_Kinf_tau0.1,0.9,5,1000000000,0.1,1781,1885,114,k,0.06400898371701291,gkt,0.084273703388855,0.0899946100396613,0.005394274107989596,0.005760463528647607,,,,,,,q0.9_k5_Kinf_tau0.1,0.02499,0.002105999847687486,,
xes3g5m,0,42,q0.95_k5_K1000_tau0.1,0.95,5,1000,0.1,1000,1000,10,K,0.01,gkt,0.084273703388855,0.0899946100396613,0.0008427370338885499,0.0008999461003966131,,,,,,,$K$ binds,0.02045,0.0017233972343020847,,
xes3g5m,0,42,q0.95_k5_K5000_tau0.05,0.95,5,5000,0.05,1162,1260,103,k,0.08864027538726334,gkt,0.084273703388855,0.0899946100396613,0.007470044276292654,0.007977147017284952,,,,,,,q0.95_k5_K5000_tau0.05,0.03526,0.002971490781491027,,
xes3g5m,0,42,q0.95_k5_K5000_tau0.1,0.95,5,5000,0.1,1162,1260,103,k,0.08864027538726334,gkt,0.084273703388855,0.0899946100396613,0.007470044276292654,0.007977147017284952,0.0006146054212773366,0.8335910934504894,0.8342056988717668,0.0006146054212773366,True,12.154211495186024,Published default,0.03526,0.002971490781491027,4.834794290156711,True
xes3g5m,0,42,q0.95_k5_K5000_tau0.2,0.95,5,5000,0.2,1162,1260,103,k,0.08864027538726334,gkt,0.084273703388855,0.0899946100396613,0.007470044276292654,0.007977147017284952,,,,,,,q0.95_k5_K5000_tau0.2,0.03526,0.002971490781491027,,
xes3g5m,0,42,q0.95_k5_Kinf_tau0.1,0.95,5,1000000000,0.1,1162,1260,103,k,0.08864027538726334,gkt,0.084273703388855,0.0899946100396613,0.007470044276292654,0.007977147017284952,0.0006146054212773366,0.8335910934504894,0.8342056988717668,0.0006146054212773366,True,12.154211495186024,q0.95_k5_Kinf_tau0.1,0.03526,0.002971490781491027,4.834794290156711,True
xes3g5m,1,43,q0.5_k5_K1000_tau0.1,0.5,5,1000,0.1,1000,1000,6,K,0.006,gkt,0.084273703388855,0.0899946100396613,0.0005056422203331299,0.0005399676602379678,,,,,,,q0.5_k5_K1000_tau0.1,,,,
xes3g5m,1,43,q0.5_k5_K5000_tau0.1,0.5,5,5000,0.1,3210,3292,144,k,0.044859813084112146,gkt,0.084273703388855,0.0899946100396613,0.0037805025819299433,0.004037141384956769,,,,,,,q0.5_k5_K5000_tau0.1,,,,
xes3g5m,1,43,q0.5_k5_Kinf_tau0.1,0.5,5,1000000000,0.1,3210,3292,144,k,0.044859813084112146,gkt,0.084273703388855,0.0899946100396613,0.0037805025819299433,0.004037141384956769,,,,,,,Review open $q$,,,,
xes3g5m,1,43,q0.5_k20_Kinf_tau0.1,0.5,20,1000000000,0.1,8654,9175,691,k,0.07984746937832217,gkt,0.084273703388855,0.0899946100396613,0.006729041950739405,0.007185841869355901,,,,,,,$k{=}20$ lift,,,,
xes3g5m,1,43,q0.5_kinf_Kinf_tau0.1,0.5,1000000000,1000000000,0.1,17124,19487,2363,q,0.13799345947208597,gkt,0.084273703388855,0.0899946100396613,0.011629219873152555,0.012418667573214182,,,,,,,$k{=}\infty$ lift,,,,
xes3g5m,1,43,q0.8_k5_K1000_tau0.1,0.8,5,1000,0.1,1000,1000,6,K,0.006,gkt,0.084273703388855,0.0899946100396613,0.0005056422203331299,0.0005399676602379678,,,,,,,q0.8_k5_K1000_tau0.1,,,,
xes3g5m,1,43,q0.8_k5_K5000_tau0.1,0.8,5,5000,0.1,2442,2559,134,k,0.054873054873054876,gkt,0.084273703388855,0.0899946100396613,0.004624355550412191,0.00493827917498551,,,,,,,Mid $q$,,,,
xes3g5m,1,43,q0.8_k5_Kinf_tau0.1,0.8,5,1000000000,0.1,2442,2559,134,k,0.054873054873054876,gkt,0.084273703388855,0.0899946100396613,0.004624355550412191,0.00493827917498551,,,,,,,q0.8_k5_Kinf_tau0.1,,,,
xes3g5m,1,43,q0.9_k5_K1000_tau0.1,0.9,5,1000,0.1,1000,1000,6,K,0.006,gkt,0.084273703388855,0.0899946100396613,0.0005056422203331299,0.0005399676602379678,,,,,,,q0.9_k5_K1000_tau0.1,,,,
xes3g5m,1,43,q0.9_k5_K5000_tau0.1,0.9,5,5000,0.1,1776,1885,118,k,0.06644144144144144,gkt,0.084273703388855,0.0899946100396613,0.005599266328764015,0.005979371612995514,,,,,,,q0.9_k5_K5000_tau0.1,,,,
xes3g5m,1,43,q0.9_k5_Kinf_tau0.1,0.9,5,1000000000,0.1,1776,1885,118,k,0.06644144144144144,gkt,0.084273703388855,0.0899946100396613,0.005599266328764015,0.005979371612995514,,,,,,,q0.9_k5_Kinf_tau0.1,,,,
xes3g5m,1,43,q0.95_k5_K1000_tau0.1,0.95,5,1000,0.1,1000,1000,6,K,0.006,gkt,0.084273703388855,0.0899946100396613,0.0005056422203331299,0.0005399676602379678,,,,,,,$K$ binds,,,,
xes3g5m,1,43,q0.95_k5_K5000_tau0.05,0.95,5,5000,0.05,1157,1260,106,k,0.09161624891961971,gkt,0.084273703388855,0.0899946100396613,0.007720840587051538,0.008244968594817718,,,,,,,q0.95_k5_K5000_tau0.05,,,,
xes3g5m,1,43,q0.95_k5_K5000_tau0.1,0.95,5,5000,0.1,1157,1260,106,k,0.09161624891961971,gkt,0.084273703388855,0.0899946100396613,0.007720840587051538,0.008244968594817718,,,,,,,Published default,,,,
xes3g5m,1,43,q0.95_k5_K5000_tau0.2,0.95,5,5000,0.2,1157,1260,106,k,0.09161624891961971,gkt,0.084273703388855,0.0899946100396613,0.007720840587051538,0.008244968594817718,,,,,,,q0.95_k5_K5000_tau0.2,,,,
xes3g5m,1,43,q0.95_k5_Kinf_tau0.1,0.95,5,1000000000,0.1,1157,1260,106,k,0.09161624891961971,gkt,0.084273703388855,0.0899946100396613,0.007720840587051538,0.008244968594817718,,,,,,,q0.95_k5_Kinf_tau0.1,,,,
xes3g5m,2,44,q0.5_k5_K1000_tau0.1,0.5,5,1000,0.1,1000,1000,8,K,0.008,gkt,0.084273703388855,0.0899946100396613,0.00067418962711084,0.0007199568803172904,,,,,,,q0.5_k5_K1000_tau0.1,,,,
xes3g5m,2,44,q0.5_k5_K5000_tau0.1,0.5,5,5000,0.1,3204,3292,161,k,0.050249687890137326,gkt,0.084273703388855,0.0899946100396613,0.004234727292635972,0.0045222010662875995,,,,,,,q0.5_k5_K5000_tau0.1,,,,
xes3g5m,2,44,q0.5_k5_Kinf_tau0.1,0.5,5,1000000000,0.1,3204,3292,161,k,0.050249687890137326,gkt,0.084273703388855,0.0899946100396613,0.004234727292635972,0.0045222010662875995,,,,,,,Review open $q$,,,,
xes3g5m,2,44,q0.5_k20_Kinf_tau0.1,0.5,20,1000000000,0.1,8667,9175,664,k,0.0766124379831545,gkt,0.084273703388855,0.0899946100396613,0.00645641387448941,0.006894706480481724,,,,,,,$k{=}20$ lift,,,,
xes3g5m,2,44,q0.5_kinf_Kinf_tau0.1,0.5,1000000000,1000000000,0.1,17150,19487,2337,q,0.136268221574344,gkt,0.084273703388855,0.0899946100396613,0.011483827686283038,0.01226340546138125,,,,,,,$k{=}\infty$ lift,,,,
xes3g5m,2,44,q0.8_k5_K1000_tau0.1,0.8,5,1000,0.1,1000,1000,8,K,0.008,gkt,0.084273703388855,0.0899946100396613,0.00067418962711084,0.0007199568803172904,,,,,,,q0.8_k5_K1000_tau0.1,,,,
xes3g5m,2,44,q0.8_k5_K5000_tau0.1,0.8,5,5000,0.1,2452,2559,124,k,0.05057096247960848,gkt,0.084273703388855,0.0899946100396613,0.00426180229209544,0.004551114047682709,,,,,,,Mid $q$,,,,
xes3g5m,2,44,q0.8_k5_Kinf_tau0.1,0.8,5,1000000000,0.1,2452,2559,124,k,0.05057096247960848,gkt,0.084273703388855,0.0899946100396613,0.00426180229209544,0.004551114047682709,,,,,,,q0.8_k5_Kinf_tau0.1,,,,
xes3g5m,2,44,q0.9_k5_K1000_tau0.1,0.9,5,1000,0.1,1000,1000,8,K,0.008,gkt,0.084273703388855,0.0899946100396613,0.00067418962711084,0.0007199568803172904,,,,,,,q0.9_k5_K1000_tau0.1,,,,
xes3g5m,2,44,q0.9_k5_K5000_tau0.1,0.9,5,5000,0.1,1779,1885,116,k,0.06520517144463181,gkt,0.084273703388855,0.0899946100396613,0.0054950812777443386,0.005868113976728899,,,,,,,q0.9_k5_K5000_tau0.1,,,,
xes3g5m,2,44,q0.9_k5_Kinf_tau0.1,0.9,5,1000000000,0.1,1779,1885,116,k,0.06520517144463181,gkt,0.084273703388855,0.0899946100396613,0.0054950812777443386,0.005868113976728899,,,,,,,q0.9_k5_Kinf_tau0.1,,,,
xes3g5m,2,44,q0.95_k5_K1000_tau0.1,0.95,5,1000,0.1,1000,1000,8,K,0.008,gkt,0.084273703388855,0.0899946100396613,0.00067418962711084,0.0007199568803172904,,,,,,,$K$ binds,,,,
xes3g5m,2,44,q0.95_k5_K5000_tau0.05,0.95,5,5000,0.05,1168,1260,96,k,0.0821917808219178,gkt,0.084273703388855,0.0899946100396613,0.006926605757988082,0.007396817263533806,,,,,,,q0.95_k5_K5000_tau0.05,,,,
xes3g5m,2,44,q0.95_k5_K5000_tau0.1,0.95,5,5000,0.1,1168,1260,96,k,0.0821917808219178,gkt,0.084273703388855,0.0899946100396613,0.006926605757988082,0.007396817263533806,,,,,,,Published default,,,,
xes3g5m,2,44,q0.95_k5_K5000_tau0.2,0.95,5,5000,0.2,1168,1260,96,k,0.0821917808219178,gkt,0.084273703388855,0.0899946100396613,0.006926605757988082,0.007396817263533806,,,,,,,q0.95_k5_K5000_tau0.2,,,,
xes3g5m,2,44,q0.95_k5_Kinf_tau0.1,0.95,5,1000000000,0.1,1168,1260,96,k,0.0821917808219178,gkt,0.084273703388855,0.0899946100396613,0.006926605757988082,0.007396817263533806,,,,,,,q0.95_k5_Kinf_tau0.1,,,,
