dataset,model,fold,split_seed,operator,p,ddr,n_edges_orig,n_edges_pert,num_c,auc,acc,nll,status,reach_disruption,ddr_check,baseline_auc,auc_drop
assist2012,gkt,0,42,none,0.0,0.0,413,413,265,0.9623886977887952,0.9081127524818132,0.1840599598338562,pykt_checkpoint,0.0,0.0,0.9623886977887952,0.0
assist2012,gkt,0,42,edge_drop,0.1,0.116223,413,365,265,0.9623689528180892,0.9079041892684424,0.184135186359284,pykt_checkpoint,0.28846153846153844,0.1162227602905569,0.9623886977887952,1.9744970706003784e-05
assist2012,gkt,0,42,edge_drop,0.2,0.215496,413,324,265,0.962217923609298,0.9076198659134624,0.1844016718166757,pykt_checkpoint,0.4276729559748428,0.21549636803874092,0.9623886977887952,0.00017077417949717955
assist2012,gkt,0,42,edge_drop,0.3,0.319613,413,281,265,0.9621433105716252,0.907578866307415,0.1845147188991072,pykt_checkpoint,0.6856344655197765,0.3196125907990315,0.9623886977887952,0.0002453872171700455
assist2012,gkt,0,42,node_drop,0.1,0.215496,413,324,265,0.9619829214185284,0.907420215657928,0.1848376193073225,pykt_checkpoint,0.478325673829338,0.21549636803874092,0.9623886977887952,0.00040577637026684155
assist2012,gkt,0,42,node_drop,0.2,0.430993,413,235,265,0.9613702193908076,0.9065654630014208,0.185857313953796,pykt_checkpoint,0.6322360953461975,0.43099273607748184,0.9623886977887952,0.0010184783979876322
assist2012,gkt,0,42,node_drop,0.3,0.602906,413,164,265,0.9610215576429764,0.9062089446879664,0.1864080354783003,pykt_checkpoint,0.8629117959617428,0.6029055690072639,0.9623886977887952,0.001367140145818846
assist2012,gkt,0,42,prereq_preserve,0.1,0.104116,413,370,265,0.9623431034797428,0.9081163176649476,0.1841393876161658,pykt_checkpoint,0.26789653098054944,0.10411622276029056,0.9623886977887952,4.5594309052376936e-05
assist2012,gkt,0,42,prereq_preserve,0.2,0.198547,413,331,265,0.9622065231216508,0.9076920608719368,0.1844171420415122,pykt_checkpoint,0.4134677246407893,0.19854721549636803,0.9623886977887952,0.0001821746671444302
assist2012,gkt,0,42,prereq_preserve,0.3,0.2954,413,291,265,0.9621670251867755,0.9075931270399532,0.1844845422362791,pykt_checkpoint,0.6775498410863913,0.29539951573849876,0.9623886977887952,0.00022167260201966243
assist2012,gkt,1,43,none,0.0,0.0,416,416,265,0.9631281847126388,0.9089613543054802,0.1821316181177886,pykt_checkpoint,0.0,0.0,0.9631281847126388,0.0
assist2012,gkt,1,43,edge_drop,0.1,0.115385,416,368,265,0.9630830654526534,0.9089398026587548,0.1822607779943665,pykt_checkpoint,0.29440840284213776,0.11538461538461539,0.9631281847126388,4.511925998540445e-05
assist2012,gkt,1,43,edge_drop,0.2,0.21875,416,325,265,0.9630448452097692,0.908952374452678,0.1823652578568181,pykt_checkpoint,0.45879344414739043,0.21875,0.9631281847126388,8.333950286965042e-05
assist2012,gkt,1,43,edge_drop,0.3,0.322115,416,282,265,0.9628747517055068,0.9086802849127698,0.1825477590856008,pykt_checkpoint,0.4803001876172608,0.32211538461538464,0.9631281847126388,0.0002534330071319868
assist2012,gkt,1,43,node_drop,0.1,0.192308,416,336,265,0.9627931232580288,0.9086039561639504,0.1827617442485962,pykt_checkpoint,0.48206985165284433,0.19230769230769232,0.9631281847126388,0.00033506145461004166
assist2012,gkt,1,43,node_drop,0.2,0.307692,416,288,265,0.962592192536265,0.9083731739469326,0.1830541780647393,pykt_checkpoint,0.5645756457564576,0.3076923076923077,0.9631281847126388,0.0005359921763737896
assist2012,gkt,1,43,node_drop,0.3,0.550481,416,187,265,0.9619427849132116,0.9073557566244376,0.1842374716981589,pykt_checkpoint,0.7996301899478904,0.5504807692307693,0.9631281847126388,0.0011853997994272225
assist2012,gkt,1,43,prereq_preserve,0.1,0.09375,416,377,265,0.9630798665870668,0.9091535231554484,0.1821844923852511,pykt_checkpoint,0.2824008138351983,0.09375,0.9631281847126388,4.83181255720444e-05
assist2012,gkt,1,43,prereq_preserve,0.2,0.177885,416,342,265,0.9630614157434516,0.9087925330727978,0.1824898157927784,pykt_checkpoint,0.2986960477105023,0.1778846153846154,0.9631281847126388,6.67689691872253e-05
assist2012,gkt,1,43,prereq_preserve,0.3,0.269231,416,304,265,0.9629400873712776,0.9086111400461924,0.182451696099047,pykt_checkpoint,0.40436205016357696,0.2692307692307692,0.9631281847126388,0.00018809734136127076
assist2012,gkt,2,44,none,0.0,0.0,416,416,264,0.963825768224493,0.9102758362835895,0.1805753146709258,pykt_checkpoint,0.0,0.0,0.963825768224493,0.0
assist2012,gkt,2,44,edge_drop,0.1,0.115385,416,368,264,0.9636984262566364,0.9101935451554676,0.1807135814460213,pykt_checkpoint,0.392171581769437,0.11538461538461539,0.963825768224493,0.0001273419678565757
assist2012,gkt,2,44,edge_drop,0.2,0.21875,416,325,264,0.9635803944546588,0.9101837059988444,0.1809123195550309,pykt_checkpoint,0.5873948457738015,0.21875,0.963825768224493,0.00024537376983413406
assist2012,gkt,2,44,edge_drop,0.3,0.322115,416,282,264,0.9633835675906498,0.9097928231402652,0.1813081877406251,pykt_checkpoint,0.629976580796253,0.32211538461538464,0.963825768224493,0.00044220063384314834
assist2012,gkt,2,44,node_drop,0.1,0.1875,416,338,264,0.963453477921502,0.9097436273571488,0.1811996727891908,pykt_checkpoint,0.3421296296296297,0.1875,0.963825768224493,0.0003722903029909075
assist2012,gkt,2,44,node_drop,0.2,0.418269,416,242,264,0.9629837360044052,0.9090960319575808,0.1819602980058432,pykt_checkpoint,0.5875736475629352,0.4182692307692308,0.963825768224493,0.0008420322200877184
assist2012,gkt,2,44,node_drop,0.3,0.569712,416,179,264,0.9626077072266608,0.9086282247835832,0.1825874872361046,pykt_checkpoint,0.7602717567130379,0.5697115384615384,0.963825768224493,0.001218060997832171
assist2012,gkt,2,44,prereq_preserve,0.1,0.100962,416,374,264,0.9635920951863088,0.9101980174993872,0.1807326798896524,pykt_checkpoint,0.37580424005906554,0.10096153846153846,0.963825768224493,0.00023367303818411234
assist2012,gkt,2,44,prereq_preserve,0.2,0.1875,416,338,264,0.9636295130942766,0.910109465089778,0.1808802691857697,pykt_checkpoint,0.5323909035033805,0.1875,0.963825768224493,0.00019625513021637175
assist2012,gkt,2,44,prereq_preserve,0.3,0.278846,416,300,264,0.9635447186437824,0.9099958675542182,0.1810141342616072,pykt_checkpoint,0.5972595378828587,0.27884615384615385,0.963825768224493,0.0002810495807105129
assist2012,gkt,0,1234,edge_drop,0.9,0.891041,413,45,264,0.9610365264223324,0.9061286826288304,0.186448731117602,pykt_checkpoint,0.9773988897700238,0.8910411622276029,,
assist2012,gkt,0,1234,node_drop,0.9,0.975787,413,10,264,0.9608734243006628,0.9059110167593762,0.1866622393988171,pykt_checkpoint,0.9951961569255404,0.9757869249394673,,
assist2012,gkt,1,1235,edge_drop,0.9,0.891827,416,45,265,0.960373248899389,0.9046691233947516,0.188177514722388,pykt_checkpoint,0.9769576254637766,0.8918269230769231,,
assist2012,gkt,1,1235,node_drop,0.9,0.973558,416,11,265,0.9600559508050428,0.9042983807928532,0.1887236561415288,pykt_checkpoint,0.9933070866141732,0.9735576923076923,,
assist2012,gkt,2,1236,edge_drop,0.9,0.891827,416,45,264,0.9605146025868042,0.9051235891148212,0.1887339970710157,pykt_checkpoint,0.9755412991178829,0.8918269230769231,,
assist2012,gkt,2,1236,node_drop,0.9,0.978365,416,9,264,0.9603395027880076,0.9046737513872978,0.1892658488248344,pykt_checkpoint,0.9955393349553934,0.9783653846153846,,
