dataset,fold,split_seed,model,eval_split,auc,acc,nll,n_eval,status,note,graph_construction
assist2012,0,42,dkt,valid+test,0.9614995650167308,0.908076209354684,0.1849780571669653,816951,pykt_checkpoint,pyKT `dkt` trained on learner-split train users; metrics on valid+test sequence positions. GKT adjacency from P0 exported graphs.,train_only
assist2012,0,42,simplekt,valid+test,0.9674275793465724,0.9147404279289316,0.1749826205906805,816951,pykt_checkpoint,pyKT `simplekt` trained on learner-split train users; metrics on valid+test sequence positions. GKT adjacency from P0 exported graphs.,train_only
assist2012,0,42,akt,valid+test,0.9675068477734988,0.9143705401787228,0.1764156509392831,816951,pykt_checkpoint,pyKT `akt` trained on learner-split train users; metrics on valid+test sequence positions. GKT adjacency from P0 exported graphs.,train_only
assist2012,0,42,gkt,valid+test,0.960298837328482,0.9062606398434172,0.1873090517562589,816951,pykt_checkpoint,pyKT `gkt` trained on learner-split train users; metrics on valid+test sequence positions. GKT adjacency from P0 exported graphs.,train_only
assist2012,0,42,gikt,valid+test,0.966951887968707,0.9138633928778336,0.1765016788886115,816951,pykt_checkpoint,pyKT `gikt` trained on learner-split train users; metrics on valid+test sequence positions. GKT adjacency from P0 exported graphs.,train_only
assist2012,0,42,skt,valid+test,0.9518571448945145,0.8968342956356811,0.1999423898472962,816951,pykt_checkpoint,pyKT `skt` trained on learner-split train users; metrics on valid+test sequence positions. GKT adjacency from P0 exported graphs.,train_only
assist2012,0,42,dygkt,valid+test,0.95097026146072,0.8976266575873336,0.2026153201159361,816951,pykt_checkpoint,pyKT `dygkt` trained on learner-split train users; metrics on valid+test sequence positions. GKT adjacency from P0 exported graphs.,train_only
assist2012,0,42,dgekt,valid+test,0.9594066920962644,0.9060805980951226,0.1879868655945782,816951,pykt_checkpoint,pyKT `dgekt` trained on learner-split train users; metrics on valid+test sequence positions. GKT adjacency from P0 exported graphs.,train_only
assist2012,0,42,bkt,valid+test,0.6710365669896484,0.7111993252961316,0.576385818192477,816951,classical_bkt_em,Independent-skill BKT (scipy L-BFGS-B); protocol graphs do not affect this baseline.,train_only
assist2012,0,42,gkt,valid+test,0.9602030543862728,0.906008403136648,0.1881415866597464,816951,pykt_checkpoint,pyKT `gkt` trained on learner-split train users; metrics on valid+test sequence positions. GKT adjacency from P0 exported graphs.,full_log
assist2012,0,42,gikt,valid+test,0.9670748298641612,0.9138010021729792,0.1761685088229491,816951,pykt_checkpoint,pyKT `gikt` trained on learner-split train users; metrics on valid+test sequence positions. GKT adjacency from P0 exported graphs.,full_log
assist2012,0,42,skt,valid+test,0.9519009421633124,0.8968681648754593,0.2000156999107006,816951,pykt_checkpoint,pyKT `skt` trained on learner-split train users; metrics on valid+test sequence positions. GKT adjacency from P0 exported graphs.,full_log
assist2012,0,42,dygkt,valid+test,0.9507315391692996,0.89728261741485,0.201347738120954,816951,pykt_checkpoint,pyKT `dygkt` trained on learner-split train users; metrics on valid+test sequence positions. GKT adjacency from P0 exported graphs.,full_log
assist2012,0,42,dgekt,valid+test,0.9596100437219997,0.9064219643802554,0.1877036952033035,816951,pykt_checkpoint,pyKT `dgekt` trained on learner-split train users; metrics on valid+test sequence positions. GKT adjacency from P0 exported graphs.,full_log
assist2012,1,43,dkt,valid+test,0.9644197613912192,0.9113077898427088,0.1796973492560444,806721,pykt_checkpoint,pyKT `dkt` trained on learner-split train users; metrics on valid+test sequence positions. GKT adjacency from P0 exported graphs.,train_only
assist2012,1,43,simplekt,valid+test,0.9678879813995482,0.9155022790866412,0.1735291944122977,806721,pykt_checkpoint,pyKT `simplekt` trained on learner-split train users; metrics on valid+test sequence positions. GKT adjacency from P0 exported graphs.,train_only
assist2012,1,43,akt,valid+test,0.9682041955280184,0.916047356151738,0.175076742580146,806721,pykt_checkpoint,pyKT `akt` trained on learner-split train users; metrics on valid+test sequence positions. GKT adjacency from P0 exported graphs.,train_only
assist2012,1,43,gkt,valid+test,0.9610001139948584,0.9075955186942576,0.1851104373412342,806721,pykt_checkpoint,pyKT `gkt` trained on learner-split train users; metrics on valid+test sequence positions. GKT adjacency from P0 exported graphs.,train_only
assist2012,1,43,gikt,valid+test,0.967444277422736,0.914556700586564,0.1748898798808982,806721,pykt_checkpoint,pyKT `gikt` trained on learner-split train users; metrics on valid+test sequence positions. GKT adjacency from P0 exported graphs.,train_only
assist2012,1,43,skt,valid+test,0.9524831187300832,0.8981558974285293,0.1982053911652054,806721,pykt_checkpoint,pyKT `skt` trained on learner-split train users; metrics on valid+test sequence positions. GKT adjacency from P0 exported graphs.,train_only
assist2012,1,43,dygkt,valid+test,0.9524154029608564,0.8993071145577781,0.1984421360756353,806721,pykt_checkpoint,pyKT `dygkt` trained on learner-split train users; metrics on valid+test sequence positions. GKT adjacency from P0 exported graphs.,train_only
assist2012,1,43,dgekt,valid+test,0.960043576320996,0.9074033498442894,0.1861853097985292,806721,pykt_checkpoint,pyKT `dgekt` trained on learner-split train users; metrics on valid+test sequence positions. GKT adjacency from P0 exported graphs.,train_only
assist2012,1,43,bkt,valid+test,0.6667226942583029,0.7132081599462515,0.5742401211356033,806721,classical_bkt_em,Independent-skill BKT (scipy L-BFGS-B); protocol graphs do not affect this baseline.,train_only
assist2012,1,43,gkt,valid+test,0.9610620095860544,0.9074814745636688,0.1851545216161315,806721,pykt_checkpoint,pyKT `gkt` trained on learner-split train users; metrics on valid+test sequence positions. GKT adjacency from P0 exported graphs.,full_log
assist2012,1,43,gikt,valid+test,0.9675528633667988,0.9151637386359964,0.1750748981831026,806721,pykt_checkpoint,pyKT `gikt` trained on learner-split train users; metrics on valid+test sequence positions. GKT adjacency from P0 exported graphs.,full_log
assist2012,1,43,skt,valid+test,0.9525060216274084,0.8981837349722164,0.1980681738875467,806721,pykt_checkpoint,pyKT `skt` trained on learner-split train users; metrics on valid+test sequence positions. GKT adjacency from P0 exported graphs.,full_log
assist2012,1,43,dygkt,valid+test,0.951674845499542,0.8985519089371087,0.1998750034794261,806721,pykt_checkpoint,pyKT `dygkt` trained on learner-split train users; metrics on valid+test sequence positions. GKT adjacency from P0 exported graphs.,full_log
assist2012,1,43,dgekt,valid+test,0.9601216664029794,0.907110606642936,0.186098478918341,806721,pykt_checkpoint,pyKT `dgekt` trained on learner-split train users; metrics on valid+test sequence positions. GKT adjacency from P0 exported graphs.,full_log
assist2012,2,44,dkt,valid+test,0.9625051498254608,0.9098321797667585,0.1819202638320787,801421,pykt_checkpoint,pyKT `dkt` trained on learner-split train users; metrics on valid+test sequence positions. GKT adjacency from P0 exported graphs.,train_only
assist2012,2,44,simplekt,valid+test,0.968390696819286,0.9162589379793236,0.171924109212931,801421,pykt_checkpoint,pyKT `simplekt` trained on learner-split train users; metrics on valid+test sequence positions. GKT adjacency from P0 exported graphs.,train_only
assist2012,2,44,akt,valid+test,0.9686755923951152,0.91663103699344,0.1726955495879423,801421,pykt_checkpoint,pyKT `akt` trained on learner-split train users; metrics on valid+test sequence positions. GKT adjacency from P0 exported graphs.,train_only
assist2012,2,44,gkt,valid+test,0.9617093537018702,0.9084877931845056,0.1836772893127038,801421,pykt_checkpoint,pyKT `gkt` trained on learner-split train users; metrics on valid+test sequence positions. GKT adjacency from P0 exported graphs.,train_only
assist2012,2,44,gikt,valid+test,0.967898559831029,0.91527591678578,0.1737612269130954,801421,pykt_checkpoint,pyKT `gikt` trained on learner-split train users; metrics on valid+test sequence positions. GKT adjacency from P0 exported graphs.,train_only
assist2012,2,44,skt,valid+test,0.953266418240004,0.8991495390802356,0.1963814786953006,801421,pykt_checkpoint,pyKT `skt` trained on learner-split train users; metrics on valid+test sequence positions. GKT adjacency from P0 exported graphs.,train_only
assist2012,2,44,dygkt,valid+test,0.9523795688663088,0.8995529445017898,0.1977994530601975,801421,pykt_checkpoint,pyKT `dygkt` trained on learner-split train users; metrics on valid+test sequence positions. GKT adjacency from P0 exported graphs.,train_only
assist2012,2,44,dgekt,valid+test,0.960566637143646,0.9081201665143088,0.1847632215799628,801421,pykt_checkpoint,pyKT `dgekt` trained on learner-split train users; metrics on valid+test sequence positions. GKT adjacency from P0 exported graphs.,train_only
assist2012,2,44,bkt,valid+test,0.6687969750483429,0.7150361670083514,0.5725956496343546,801421,classical_bkt_em,Independent-skill BKT (scipy L-BFGS-B); protocol graphs do not affect this baseline.,train_only
assist2012,2,44,gkt,valid+test,0.9616437691684364,0.9083652509611068,0.1835676462937875,801421,pykt_checkpoint,pyKT `gkt` trained on learner-split train users; metrics on valid+test sequence positions. GKT adjacency from P0 exported graphs.,full_log
assist2012,2,44,gikt,valid+test,0.9679557531487682,0.9157544575851848,0.1730838560820874,801421,pykt_checkpoint,pyKT `gikt` trained on learner-split train users; metrics on valid+test sequence positions. GKT adjacency from P0 exported graphs.,full_log
assist2012,2,44,skt,valid+test,0.9532393531906804,0.8992014182697038,0.1964140458006986,801421,pykt_checkpoint,pyKT `skt` trained on learner-split train users; metrics on valid+test sequence positions. GKT adjacency from P0 exported graphs.,full_log
assist2012,2,44,dygkt,valid+test,0.9525257105529268,0.8997872953231805,0.1975216475403767,801421,pykt_checkpoint,pyKT `dygkt` trained on learner-split train users; metrics on valid+test sequence positions. GKT adjacency from P0 exported graphs.,full_log
assist2012,2,44,dgekt,valid+test,0.9605795391789947,0.9082355529874364,0.1847793616337824,801421,pykt_checkpoint,pyKT `dgekt` trained on learner-split train users; metrics on valid+test sequence positions. GKT adjacency from P0 exported graphs.,full_log
synthetic_c2,0,42,dkt,valid+test,0.8573495508906998,0.7882142857142858,0.4337682805039445,60000,pykt_checkpoint,pyKT `dkt` trained on learner-split train users; metrics on valid+test sequence positions. GKT adjacency from P0 exported graphs.,train_only
synthetic_c2,0,42,simplekt,valid+test,0.8708353487573517,0.8029591836734694,0.4162311857595289,60000,pykt_checkpoint,pyKT `simplekt` trained on learner-split train users; metrics on valid+test sequence positions. GKT adjacency from P0 exported graphs.,train_only
synthetic_c2,0,42,akt,valid+test,0.8701622110467279,0.8019897959183674,0.4169861198256985,60000,pykt_checkpoint,pyKT `akt` trained on learner-split train users; metrics on valid+test sequence positions. GKT adjacency from P0 exported graphs.,train_only
synthetic_c2,0,42,gkt,valid+test,0.8684620065650234,0.7990561224489796,0.4198436595637716,60000,pykt_checkpoint,pyKT `gkt` trained on learner-split train users; metrics on valid+test sequence positions. GKT adjacency from P0 exported graphs.,train_only
synthetic_c2,0,42,gikt,valid+test,0.8705951717016728,0.8020408163265306,0.4157013132103371,60000,pykt_checkpoint,pyKT `gikt` trained on learner-split train users; metrics on valid+test sequence positions. GKT adjacency from P0 exported graphs.,train_only
synthetic_c2,0,42,skt,valid+test,0.8531072887304989,0.7883928571428571,0.4402340808798201,60000,pykt_checkpoint,pyKT `skt` trained on learner-split train users; metrics on valid+test sequence positions. GKT adjacency from P0 exported graphs.,train_only
synthetic_c2,0,42,dygkt,valid+test,0.8672466098482277,0.8005102040816326,0.4209149741642125,60000,pykt_checkpoint,pyKT `dygkt` trained on learner-split train users; metrics on valid+test sequence positions. GKT adjacency from P0 exported graphs.,train_only
synthetic_c2,0,42,dgekt,valid+test,0.8591057166263774,0.7939285714285714,0.431515688677512,60000,pykt_checkpoint,pyKT `dgekt` trained on learner-split train users; metrics on valid+test sequence positions. GKT adjacency from P0 exported graphs.,train_only
synthetic_c2,0,42,bkt,valid+test,0.8352018275208968,0.7809333333333334,0.4617502234259205,60000,classical_bkt_em,Independent-skill BKT (scipy L-BFGS-B); protocol graphs do not affect this baseline.,train_only
synthetic_c2,0,42,gkt,valid+test,0.8683935679647501,0.7992857142857143,0.4204850698521426,60000,pykt_checkpoint,pyKT `gkt` trained on learner-split train users; metrics on valid+test sequence positions. GKT adjacency from P0 exported graphs.,full_log
synthetic_c2,0,42,gikt,valid+test,0.8703280340302065,0.8028061224489796,0.416259236791927,60000,pykt_checkpoint,pyKT `gikt` trained on learner-split train users; metrics on valid+test sequence positions. GKT adjacency from P0 exported graphs.,full_log
synthetic_c2,0,42,skt,valid+test,0.8535900001351812,0.7902040816326531,0.4389066622373725,60000,pykt_checkpoint,pyKT `skt` trained on learner-split train users; metrics on valid+test sequence positions. GKT adjacency from P0 exported graphs.,full_log
synthetic_c2,0,42,dygkt,valid+test,0.8665339600467958,0.7997704081632653,0.4216452937994456,60000,pykt_checkpoint,pyKT `dygkt` trained on learner-split train users; metrics on valid+test sequence positions. GKT adjacency from P0 exported graphs.,full_log
synthetic_c2,0,42,dgekt,valid+test,0.8622991315147259,0.7961734693877551,0.4273253725743923,60000,pykt_checkpoint,pyKT `dgekt` trained on learner-split train users; metrics on valid+test sequence positions. GKT adjacency from P0 exported graphs.,full_log
synthetic_c2,1,43,dkt,valid+test,0.8684960845703733,0.804719387755102,0.4126212875654875,60000,pykt_checkpoint,pyKT `dkt` trained on learner-split train users; metrics on valid+test sequence positions. GKT adjacency from P0 exported graphs.,train_only
synthetic_c2,1,43,simplekt,valid+test,0.8795449413456858,0.81375,0.3994896487200203,60000,pykt_checkpoint,pyKT `simplekt` trained on learner-split train users; metrics on valid+test sequence positions. GKT adjacency from P0 exported graphs.,train_only
synthetic_c2,1,43,akt,valid+test,0.876182044060229,0.8123469387755102,0.4015912635660721,60000,pykt_checkpoint,pyKT `akt` trained on learner-split train users; metrics on valid+test sequence positions. GKT adjacency from P0 exported graphs.,train_only
synthetic_c2,1,43,gkt,valid+test,0.878316232413545,0.8140816326530612,0.3999025692064359,60000,pykt_checkpoint,pyKT `gkt` trained on learner-split train users; metrics on valid+test sequence positions. GKT adjacency from P0 exported graphs.,train_only
synthetic_c2,1,43,gikt,valid+test,0.8796340195304533,0.8147704081632653,0.398291738701236,60000,pykt_checkpoint,pyKT `gikt` trained on learner-split train users; metrics on valid+test sequence positions. GKT adjacency from P0 exported graphs.,train_only
synthetic_c2,1,43,skt,valid+test,0.634149835650416,0.6855166666666667,0.6132021027145713,60000,trained_leakage_head,Logistic regression on diagnostic channels fit on train fold only; graph signal differs by construction (train-only vs full-log pooling).,train_only
synthetic_c2,1,43,dygkt,valid+test,0.6312429968910265,0.6855166666666667,0.6171473477106126,60000,trained_leakage_head,Logistic regression on diagnostic channels fit on train fold only; graph signal differs by construction (train-only vs full-log pooling).,train_only
synthetic_c2,1,43,dgekt,valid+test,0.634149835650416,0.6855166666666667,0.6132021027145713,60000,trained_leakage_head,Logistic regression on diagnostic channels fit on train fold only; graph signal differs by construction (train-only vs full-log pooling).,train_only
synthetic_c2,1,43,bkt,valid+test,0.8382535062560343,0.78355,0.4576015101883034,60000,classical_bkt_em,Independent-skill BKT (scipy L-BFGS-B); protocol graphs do not affect this baseline.,train_only
synthetic_c2,1,43,gkt,valid+test,0.8772240874212888,0.8111224489795918,0.4005650358561133,60000,pykt_checkpoint,pyKT `gkt` trained on learner-split train users; metrics on valid+test sequence positions. GKT adjacency from P0 exported graphs.,full_log
synthetic_c2,1,43,gikt,valid+test,0.8793089436976506,0.8147448979591837,0.3976804436751385,60000,pykt_checkpoint,pyKT `gikt` trained on learner-split train users; metrics on valid+test sequence positions. GKT adjacency from P0 exported graphs.,full_log
synthetic_c2,1,43,skt,valid+test,0.6343910414198122,0.6855166666666667,0.6131096417596809,60000,trained_leakage_head,Logistic regression on diagnostic channels fit on train fold only; graph signal differs by construction (train-only vs full-log pooling).,full_log
synthetic_c2,1,43,dygkt,valid+test,0.6318815737035944,0.6855166666666667,0.6165497366738988,60000,trained_leakage_head,Logistic regression on diagnostic channels fit on train fold only; graph signal differs by construction (train-only vs full-log pooling).,full_log
synthetic_c2,1,43,dgekt,valid+test,0.6343910414198122,0.6855166666666667,0.6131096417596809,60000,trained_leakage_head,Logistic regression on diagnostic channels fit on train fold only; graph signal differs by construction (train-only vs full-log pooling).,full_log
synthetic_c2,2,44,dkt,valid+test,0.8610648074167228,0.8021683673469387,0.416543704185045,60000,pykt_checkpoint,pyKT `dkt` trained on learner-split train users; metrics on valid+test sequence positions. GKT adjacency from P0 exported graphs.,train_only
synthetic_c2,2,44,simplekt,valid+test,0.8740860488014117,0.8110204081632653,0.4006395061527556,60000,pykt_checkpoint,pyKT `simplekt` trained on learner-split train users; metrics on valid+test sequence positions. GKT adjacency from P0 exported graphs.,train_only
synthetic_c2,2,44,akt,valid+test,0.8727050675089444,0.8098214285714286,0.400966278061054,60000,pykt_checkpoint,pyKT `akt` trained on learner-split train users; metrics on valid+test sequence positions. GKT adjacency from P0 exported graphs.,train_only
synthetic_c2,2,44,gkt,valid+test,0.8723791481687285,0.809719387755102,0.4026896844038961,60000,pykt_checkpoint,pyKT `gkt` trained on learner-split train users; metrics on valid+test sequence positions. GKT adjacency from P0 exported graphs.,train_only
synthetic_c2,2,44,gikt,valid+test,0.8735044108443248,0.8100510204081632,0.400019823625731,60000,pykt_checkpoint,pyKT `gikt` trained on learner-split train users; metrics on valid+test sequence positions. GKT adjacency from P0 exported graphs.,train_only
synthetic_c2,2,44,skt,valid+test,0.6353774097135132,0.6920666666666667,0.6082793372169447,60000,trained_leakage_head,Logistic regression on diagnostic channels fit on train fold only; graph signal differs by construction (train-only vs full-log pooling).,train_only
synthetic_c2,2,44,dygkt,valid+test,0.6315922040947832,0.6920666666666667,0.610944361710156,60000,trained_leakage_head,Logistic regression on diagnostic channels fit on train fold only; graph signal differs by construction (train-only vs full-log pooling).,train_only
synthetic_c2,2,44,dgekt,valid+test,0.6353774097135132,0.6920666666666667,0.6082793372169447,60000,trained_leakage_head,Logistic regression on diagnostic channels fit on train fold only; graph signal differs by construction (train-only vs full-log pooling).,train_only
synthetic_c2,2,44,bkt,valid+test,0.8325516229835516,0.7804833333333333,0.4616062178027446,60000,classical_bkt_em,Independent-skill BKT (scipy L-BFGS-B); protocol graphs do not affect this baseline.,train_only
synthetic_c2,2,44,gkt,valid+test,0.8719440852416187,0.810204081632653,0.4019111659469128,60000,pykt_checkpoint,pyKT `gkt` trained on learner-split train users; metrics on valid+test sequence positions. GKT adjacency from P0 exported graphs.,full_log
synthetic_c2,2,44,gikt,valid+test,0.8729623412199379,0.8103061224489796,0.4007786507954052,60000,pykt_checkpoint,pyKT `gikt` trained on learner-split train users; metrics on valid+test sequence positions. GKT adjacency from P0 exported graphs.,full_log
synthetic_c2,2,44,skt,valid+test,0.6353774097135132,0.6920666666666667,0.6079934819992294,60000,trained_leakage_head,Logistic regression on diagnostic channels fit on train fold only; graph signal differs by construction (train-only vs full-log pooling).,full_log
synthetic_c2,2,44,dygkt,valid+test,0.6320942912863586,0.6920666666666667,0.6112626507103194,60000,trained_leakage_head,Logistic regression on diagnostic channels fit on train fold only; graph signal differs by construction (train-only vs full-log pooling).,full_log
synthetic_c2,2,44,dgekt,valid+test,0.6353774097135132,0.6920666666666667,0.6079934819992294,60000,trained_leakage_head,Logistic regression on diagnostic channels fit on train fold only; graph signal differs by construction (train-only vs full-log pooling).,full_log
synthetic_c5,0,42,dkt,valid+test,0.8245994937976242,0.7520408163265306,0.4960784606911195,60000,pykt_checkpoint,pyKT `dkt` trained on learner-split train users; metrics on valid+test sequence positions. GKT adjacency from P0 exported graphs.,train_only
synthetic_c5,0,42,simplekt,valid+test,0.8282385997660142,0.7540561224489796,0.4909272908458804,60000,pykt_checkpoint,pyKT `simplekt` trained on learner-split train users; metrics on valid+test sequence positions. GKT adjacency from P0 exported graphs.,train_only
synthetic_c5,0,42,akt,valid+test,0.819228873910586,0.7456122448979592,0.5073012375762888,60000,pykt_checkpoint,pyKT `akt` trained on learner-split train users; metrics on valid+test sequence positions. GKT adjacency from P0 exported graphs.,train_only
synthetic_c5,0,42,gkt,valid+test,0.8098789307090996,0.7400510204081633,0.5272960287597823,60000,pykt_checkpoint,pyKT `gkt` trained on learner-split train users; metrics on valid+test sequence positions. GKT adjacency from P0 exported graphs.,train_only
synthetic_c5,0,42,gikt,valid+test,0.8244032979287439,0.7544897959183674,0.4957558221858211,60000,pykt_checkpoint,pyKT `gikt` trained on learner-split train users; metrics on valid+test sequence positions. GKT adjacency from P0 exported graphs.,train_only
synthetic_c5,0,42,skt,valid+test,0.8075759550037463,0.736938775510204,0.5134768142925955,60000,pykt_checkpoint,pyKT `skt` trained on learner-split train users; metrics on valid+test sequence positions. GKT adjacency from P0 exported graphs.,train_only
synthetic_c5,0,42,dygkt,valid+test,0.8236091142170459,0.7482397959183673,0.4957843591996749,60000,pykt_checkpoint,pyKT `dygkt` trained on learner-split train users; metrics on valid+test sequence positions. GKT adjacency from P0 exported graphs.,train_only
synthetic_c5,0,42,dgekt,valid+test,0.8274030084589802,0.7553061224489795,0.4917701914925776,60000,pykt_checkpoint,pyKT `dgekt` trained on learner-split train users; metrics on valid+test sequence positions. GKT adjacency from P0 exported graphs.,train_only
synthetic_c5,0,42,bkt,valid+test,0.7936912599059713,0.7246666666666667,0.5317693985301497,60000,classical_bkt_em,Independent-skill BKT (scipy L-BFGS-B); protocol graphs do not affect this baseline.,train_only
synthetic_c5,0,42,gkt,valid+test,0.8040737652211254,0.7352295918367346,0.5454764013506329,60000,pykt_checkpoint,pyKT `gkt` trained on learner-split train users; metrics on valid+test sequence positions. GKT adjacency from P0 exported graphs.,full_log
synthetic_c5,0,42,gikt,valid+test,0.8158916682002813,0.7417857142857143,0.5049235655753768,60000,pykt_checkpoint,pyKT `gikt` trained on learner-split train users; metrics on valid+test sequence positions. GKT adjacency from P0 exported graphs.,full_log
synthetic_c5,0,42,skt,valid+test,0.807511467877346,0.7381887755102041,0.5134925708933592,60000,pykt_checkpoint,pyKT `skt` trained on learner-split train users; metrics on valid+test sequence positions. GKT adjacency from P0 exported graphs.,full_log
synthetic_c5,0,42,dygkt,valid+test,0.8242465953754946,0.7489795918367347,0.4953555567354405,60000,pykt_checkpoint,pyKT `dygkt` trained on learner-split train users; metrics on valid+test sequence positions. GKT adjacency from P0 exported graphs.,full_log
synthetic_c5,0,42,dgekt,valid+test,0.8277797956677577,0.7546683673469388,0.4917476202576062,60000,pykt_checkpoint,pyKT `dgekt` trained on learner-split train users; metrics on valid+test sequence positions. GKT adjacency from P0 exported graphs.,full_log
synthetic_c5,1,43,dkt,valid+test,0.8259933635127066,0.7541071428571429,0.4930776649664563,60000,pykt_checkpoint,pyKT `dkt` trained on learner-split train users; metrics on valid+test sequence positions. GKT adjacency from P0 exported graphs.,train_only
synthetic_c5,1,43,simplekt,valid+test,0.8276654850670084,0.7542091836734693,0.4918173252696493,60000,pykt_checkpoint,pyKT `simplekt` trained on learner-split train users; metrics on valid+test sequence positions. GKT adjacency from P0 exported graphs.,train_only
synthetic_c5,1,43,akt,valid+test,0.8228583845338046,0.7510459183673469,0.4960294806165847,60000,pykt_checkpoint,pyKT `akt` trained on learner-split train users; metrics on valid+test sequence positions. GKT adjacency from P0 exported graphs.,train_only
synthetic_c5,1,43,gkt,valid+test,0.8061460659355884,0.7303061224489796,0.537929767438503,60000,pykt_checkpoint,pyKT `gkt` trained on learner-split train users; metrics on valid+test sequence positions. GKT adjacency from P0 exported graphs.,train_only
synthetic_c5,1,43,gikt,valid+test,0.816671982109153,0.7439795918367347,0.503711719550005,60000,pykt_checkpoint,pyKT `gikt` trained on learner-split train users; metrics on valid+test sequence positions. GKT adjacency from P0 exported graphs.,train_only
synthetic_c5,1,43,skt,valid+test,0.8081292569074758,0.7383418367346939,0.5118826420715495,60000,pykt_checkpoint,pyKT `skt` trained on learner-split train users; metrics on valid+test sequence positions. GKT adjacency from P0 exported graphs.,train_only
synthetic_c5,1,43,dygkt,valid+test,0.8264096716676174,0.7514030612244897,0.491968860229734,60000,pykt_checkpoint,pyKT `dygkt` trained on learner-split train users; metrics on valid+test sequence positions. GKT adjacency from P0 exported graphs.,train_only
synthetic_c5,1,43,dgekt,valid+test,0.8297383189553333,0.7560714285714286,0.4884885441926356,60000,pykt_checkpoint,pyKT `dgekt` trained on learner-split train users; metrics on valid+test sequence positions. GKT adjacency from P0 exported graphs.,train_only
synthetic_c5,1,43,bkt,valid+test,0.7917121507099647,0.7224166666666667,0.5327963349552215,60000,classical_bkt_em,Independent-skill BKT (scipy L-BFGS-B); protocol graphs do not affect this baseline.,train_only
synthetic_c5,1,43,gkt,valid+test,0.8092364348620034,0.732295918367347,0.5171421325865914,60000,pykt_checkpoint,pyKT `gkt` trained on learner-split train users; metrics on valid+test sequence positions. GKT adjacency from P0 exported graphs.,full_log
synthetic_c5,1,43,gikt,valid+test,0.8173406522410832,0.7439795918367347,0.5018070743153953,60000,pykt_checkpoint,pyKT `gikt` trained on learner-split train users; metrics on valid+test sequence positions. GKT adjacency from P0 exported graphs.,full_log
synthetic_c5,1,43,skt,valid+test,0.8075482781485183,0.7362244897959184,0.5125272163067885,60000,pykt_checkpoint,pyKT `skt` trained on learner-split train users; metrics on valid+test sequence positions. GKT adjacency from P0 exported graphs.,full_log
synthetic_c5,1,43,dygkt,valid+test,0.8263910665859882,0.752704081632653,0.4916956712113239,60000,pykt_checkpoint,pyKT `dygkt` trained on learner-split train users; metrics on valid+test sequence positions. GKT adjacency from P0 exported graphs.,full_log
synthetic_c5,1,43,dgekt,valid+test,0.8299094322695632,0.755,0.4885348631502154,60000,pykt_checkpoint,pyKT `dgekt` trained on learner-split train users; metrics on valid+test sequence positions. GKT adjacency from P0 exported graphs.,full_log
synthetic_c5,2,44,dkt,valid+test,0.8271214270433915,0.7555357142857143,0.4911509315715979,60000,pykt_checkpoint,pyKT `dkt` trained on learner-split train users; metrics on valid+test sequence positions. GKT adjacency from P0 exported graphs.,train_only
synthetic_c5,2,44,simplekt,valid+test,0.8311511006408716,0.7565306122448979,0.4892999946408324,60000,pykt_checkpoint,pyKT `simplekt` trained on learner-split train users; metrics on valid+test sequence positions. GKT adjacency from P0 exported graphs.,train_only
synthetic_c5,2,44,akt,valid+test,0.8230613554959377,0.7522448979591837,0.4962918981372277,60000,pykt_checkpoint,pyKT `akt` trained on learner-split train users; metrics on valid+test sequence positions. GKT adjacency from P0 exported graphs.,train_only
synthetic_c5,2,44,gkt,valid+test,0.8139755994604313,0.7438775510204082,0.512512732444917,60000,pykt_checkpoint,pyKT `gkt` trained on learner-split train users; metrics on valid+test sequence positions. GKT adjacency from P0 exported graphs.,train_only
synthetic_c5,2,44,gikt,valid+test,0.8182141034148798,0.747780612244898,0.5013587248040808,60000,pykt_checkpoint,pyKT `gikt` trained on learner-split train users; metrics on valid+test sequence positions. GKT adjacency from P0 exported graphs.,train_only
synthetic_c5,2,44,skt,valid+test,0.8128644201545101,0.74375,0.5065621066924207,60000,pykt_checkpoint,pyKT `skt` trained on learner-split train users; metrics on valid+test sequence positions. GKT adjacency from P0 exported graphs.,train_only
synthetic_c5,2,44,dygkt,valid+test,0.8279538775384385,0.7526530612244898,0.489669958663114,60000,pykt_checkpoint,pyKT `dygkt` trained on learner-split train users; metrics on valid+test sequence positions. GKT adjacency from P0 exported graphs.,train_only
synthetic_c5,2,44,dgekt,valid+test,0.8316433338694615,0.7571173469387755,0.4859431942244035,60000,pykt_checkpoint,pyKT `dgekt` trained on learner-split train users; metrics on valid+test sequence positions. GKT adjacency from P0 exported graphs.,train_only
synthetic_c5,2,44,bkt,valid+test,0.7889585025749026,0.7257666666666667,0.5360597321095674,60000,classical_bkt_em,Independent-skill BKT (scipy L-BFGS-B); protocol graphs do not affect this baseline.,train_only
synthetic_c5,2,44,gkt,valid+test,0.8221263129544248,0.7476275510204081,0.5067069200485316,60000,pykt_checkpoint,pyKT `gkt` trained on learner-split train users; metrics on valid+test sequence positions. GKT adjacency from P0 exported graphs.,full_log
synthetic_c5,2,44,gikt,valid+test,0.8258693830247539,0.7540561224489796,0.492017754315768,60000,pykt_checkpoint,pyKT `gikt` trained on learner-split train users; metrics on valid+test sequence positions. GKT adjacency from P0 exported graphs.,full_log
synthetic_c5,2,44,skt,valid+test,0.8117253137495007,0.7424744897959183,0.5077703350586162,60000,pykt_checkpoint,pyKT `skt` trained on learner-split train users; metrics on valid+test sequence positions. GKT adjacency from P0 exported graphs.,full_log
synthetic_c5,2,44,dygkt,valid+test,0.8273549190030524,0.7528061224489796,0.4908764548433343,60000,pykt_checkpoint,pyKT `dygkt` trained on learner-split train users; metrics on valid+test sequence positions. GKT adjacency from P0 exported graphs.,full_log
synthetic_c5,2,44,dgekt,valid+test,0.83159765554852,0.7572448979591837,0.485792125207006,60000,pykt_checkpoint,pyKT `dgekt` trained on learner-split train users; metrics on valid+test sequence positions. GKT adjacency from P0 exported graphs.,full_log
junyi,0,42,dkt,valid+test,0.9890057837497715,0.962143556532483,0.0931806290746498,7737234,pykt_checkpoint,pyKT `dkt` trained on learner-split train users; metrics on valid+test sequence positions. GKT adjacency from P0 exported graphs.,train_only
junyi,0,42,simplekt,valid+test,0.9890560422143468,0.9622979685677706,0.0929771988302428,7737234,pykt_checkpoint,pyKT `simplekt` trained on learner-split train users; metrics on valid+test sequence positions. GKT adjacency from P0 exported graphs.,train_only
junyi,0,42,akt,valid+test,0.9890242608485564,0.9621661651482416,0.0931711557995603,7737234,pykt_checkpoint,pyKT `akt` trained on learner-split train users; metrics on valid+test sequence positions. GKT adjacency from P0 exported graphs.,train_only
junyi,0,42,gikt,valid+test,0.9824953418959852,0.9460483357482352,0.1318955219264136,7737234,pykt_checkpoint,pyKT `gikt` trained on learner-split train users; metrics on valid+test sequence positions. GKT adjacency from P0 exported graphs.,train_only
junyi,0,42,skt,valid+test,0.9855443024525616,0.9537498674148996,0.1068277654948663,7737234,pykt_checkpoint,pyKT `skt` trained on learner-split train users; metrics on valid+test sequence positions. GKT adjacency from P0 exported graphs.,train_only
junyi,0,42,dygkt,valid+test,0.9780063584053976,0.9339511034337052,0.1507369838822728,7737234,pykt_checkpoint,pyKT `dygkt` trained on learner-split train users; metrics on valid+test sequence positions. GKT adjacency from P0 exported graphs.,train_only
junyi,0,42,dgekt,valid+test,0.9813006278309476,0.94307648349672,0.1363165665692531,7737234,pykt_checkpoint,pyKT `dgekt` trained on learner-split train users; metrics on valid+test sequence positions. GKT adjacency from P0 exported graphs.,train_only
junyi,0,42,bkt,valid+test,0.7791172460525826,0.8467326954309512,0.3773877996184275,7737234,classical_bkt_em,Independent-skill BKT (scipy L-BFGS-B); protocol graphs do not affect this baseline.,train_only
junyi,0,42,gikt,valid+test,0.9824945227594892,0.9459818594696304,0.1322836827280385,7737234,pykt_checkpoint,pyKT `gikt` trained on learner-split train users; metrics on valid+test sequence positions. GKT adjacency from P0 exported graphs.,full_log
junyi,0,42,skt,valid+test,0.9758863889116972,0.9312722302718952,0.1545912442146859,7737234,pykt_checkpoint,pyKT `skt` trained on learner-split train users; metrics on valid+test sequence positions. GKT adjacency from P0 exported graphs.,full_log
junyi,0,42,dygkt,valid+test,0.9780179136426688,0.9340487631302736,0.1505122177462999,7737234,pykt_checkpoint,pyKT `dygkt` trained on learner-split train users; metrics on valid+test sequence positions. GKT adjacency from P0 exported graphs.,full_log
junyi,0,42,dgekt,valid+test,0.9812022685497788,0.9430015466008382,0.1365198086068921,7737234,pykt_checkpoint,pyKT `dgekt` trained on learner-split train users; metrics on valid+test sequence positions. GKT adjacency from P0 exported graphs.,full_log
junyi,1,43,dkt,valid+test,0.98217311661948,0.945366088912154,0.133226941294112,7820305,pykt_checkpoint,pyKT `dkt` trained on learner-split train users; metrics on valid+test sequence positions. GKT adjacency from P0 exported graphs.,train_only
junyi,1,43,simplekt,valid+test,0.982176879874223,0.9454174664107484,0.1336537972588687,7820305,pykt_checkpoint,pyKT `simplekt` trained on learner-split train users; metrics on valid+test sequence positions. GKT adjacency from P0 exported graphs.,train_only
junyi,1,43,akt,valid+test,0.981902805979148,0.9451283468078092,0.1341355617809484,7820305,pykt_checkpoint,pyKT `akt` trained on learner-split train users; metrics on valid+test sequence positions. GKT adjacency from P0 exported graphs.,train_only
junyi,1,43,gikt,valid+test,0.9822710193804488,0.9456544814750188,0.132783044791195,7820305,pykt_checkpoint,pyKT `gikt` trained on learner-split train users; metrics on valid+test sequence positions. GKT adjacency from P0 exported graphs.,train_only
junyi,1,43,skt,valid+test,0.975745458350054,0.930875937881696,0.155275421404457,7820305,pykt_checkpoint,pyKT `skt` trained on learner-split train users; metrics on valid+test sequence positions. GKT adjacency from P0 exported graphs.,train_only
junyi,1,43,dygkt,valid+test,0.977891553499032,0.9336316621105488,0.1513315345692275,7820305,pykt_checkpoint,pyKT `dygkt` trained on learner-split train users; metrics on valid+test sequence positions. GKT adjacency from P0 exported graphs.,train_only
junyi,1,43,dgekt,valid+test,0.9810815526437414,0.9426808875705228,0.1371071502734566,7820305,pykt_checkpoint,pyKT `dgekt` trained on learner-split train users; metrics on valid+test sequence positions. GKT adjacency from P0 exported graphs.,train_only
junyi,1,43,bkt,valid+test,0.779531034754285,0.8465136589941186,0.3779632614980421,7820305,classical_bkt_em,Independent-skill BKT (scipy L-BFGS-B); protocol graphs do not affect this baseline.,train_only
junyi,1,43,gikt,valid+test,0.9823075151776612,0.9456283080323388,0.1331151699081899,7820305,pykt_checkpoint,pyKT `gikt` trained on learner-split train users; metrics on valid+test sequence positions. GKT adjacency from P0 exported graphs.,full_log
junyi,1,43,skt,valid+test,0.9756535675929724,0.9307632466701564,0.1555787205149009,7820305,pykt_checkpoint,pyKT `skt` trained on learner-split train users; metrics on valid+test sequence positions. GKT adjacency from P0 exported graphs.,full_log
junyi,1,43,dygkt,valid+test,0.9777141813744514,0.9335293918067432,0.1516819784133412,7820305,pykt_checkpoint,pyKT `dygkt` trained on learner-split train users; metrics on valid+test sequence positions. GKT adjacency from P0 exported graphs.,full_log
junyi,1,43,dgekt,valid+test,0.9810860507253164,0.942620300897652,0.1370918811690197,7820305,pykt_checkpoint,pyKT `dgekt` trained on learner-split train users; metrics on valid+test sequence positions. GKT adjacency from P0 exported graphs.,full_log
junyi,2,44,dkt,valid+test,0.9820605519976782,0.9450935185367816,0.1337441363976684,7881417,pykt_checkpoint,pyKT `dkt` trained on learner-split train users; metrics on valid+test sequence positions. GKT adjacency from P0 exported graphs.,train_only
junyi,2,44,simplekt,valid+test,0.9820957985239216,0.9451402723262128,0.1349118256869293,7881417,pykt_checkpoint,pyKT `simplekt` trained on learner-split train users; metrics on valid+test sequence positions. GKT adjacency from P0 exported graphs.,train_only
junyi,2,44,akt,valid+test,0.9818935918539266,0.9448297979432716,0.1347861013066519,7881417,pykt_checkpoint,pyKT `akt` trained on learner-split train users; metrics on valid+test sequence positions. GKT adjacency from P0 exported graphs.,train_only
junyi,2,44,gikt,valid+test,0.9822477175699136,0.9455023706849844,0.1330917238023295,7881417,pykt_checkpoint,pyKT `gikt` trained on learner-split train users; metrics on valid+test sequence positions. GKT adjacency from P0 exported graphs.,train_only
junyi,2,44,skt,valid+test,0.9756042190052098,0.9307094230071016,0.1557530184552591,7881417,pykt_checkpoint,pyKT `skt` trained on learner-split train users; metrics on valid+test sequence positions. GKT adjacency from P0 exported graphs.,train_only
junyi,2,44,dygkt,valid+test,0.9777362224447176,0.9332635922640984,0.1519636034990538,7881417,pykt_checkpoint,pyKT `dygkt` trained on learner-split train users; metrics on valid+test sequence positions. GKT adjacency from P0 exported graphs.,train_only
junyi,2,44,dgekt,valid+test,0.9808894233169896,0.9423647530973775,0.1377826744179183,7881417,pykt_checkpoint,pyKT `dgekt` trained on learner-split train users; metrics on valid+test sequence positions. GKT adjacency from P0 exported graphs.,train_only
junyi,2,44,bkt,valid+test,0.7807143889639998,0.8447567233151094,0.380362269137795,7881417,classical_bkt_em,Independent-skill BKT (scipy L-BFGS-B); protocol graphs do not affect this baseline.,train_only
junyi,2,44,gikt,valid+test,0.9822549690092722,0.9454337010567574,0.1330244879447207,7881417,pykt_checkpoint,pyKT `gikt` trained on learner-split train users; metrics on valid+test sequence positions. GKT adjacency from P0 exported graphs.,full_log
junyi,2,44,skt,valid+test,0.975596055158559,0.9307612904922516,0.155741836320827,7881417,pykt_checkpoint,pyKT `skt` trained on learner-split train users; metrics on valid+test sequence positions. GKT adjacency from P0 exported graphs.,full_log
junyi,2,44,dygkt,valid+test,0.9774756806545688,0.9333561258056812,0.1522713063441904,7881417,pykt_checkpoint,pyKT `dygkt` trained on learner-split train users; metrics on valid+test sequence positions. GKT adjacency from P0 exported graphs.,full_log
junyi,2,44,dgekt,valid+test,0.980895032437463,0.9422875606429524,0.1377851286291286,7881417,pykt_checkpoint,pyKT `dgekt` trained on learner-split train users; metrics on valid+test sequence positions. GKT adjacency from P0 exported graphs.,full_log
xes3g5m,0,42,dkt,valid+test,0.8577610832042228,0.8508091091873312,0.3423891203783538,1922840,pykt_checkpoint,pyKT `dkt` trained on learner-split train users; metrics on valid+test sequence positions. GKT adjacency from P0 exported graphs.,train_only
xes3g5m,0,42,simplekt,valid+test,0.8744411161851224,0.8571218015923558,0.32486511451199196,1922840,pykt_checkpoint,pyKT `simplekt` trained on learner-split train users; metrics on valid+test sequence positions. GKT adjacency from P0 exported graphs.,train_only
xes3g5m,0,42,akt,valid+test,0.8740823569517637,0.8572900473590976,0.32556852969690386,1922840,pykt_checkpoint,pyKT `akt` trained on learner-split train users; metrics on valid+test sequence positions. GKT adjacency from P0 exported graphs.,train_only
xes3g5m,0,42,gkt,valid+test,0.8345570064591779,0.8420617197776374,0.3646341882075942,1922840,pykt_checkpoint,pyKT `gkt` trained on learner-split train users; metrics on valid+test sequence positions. GKT adjacency from P0 exported graphs.,train_only
xes3g5m,0,42,gikt,valid+test,0.8775823299875001,0.8593965955955761,0.3222006900887839,1922840,pykt_checkpoint,pyKT `gikt` trained on learner-split train users; metrics on valid+test sequence positions. GKT adjacency from P0 exported graphs.,train_only
xes3g5m,0,42,skt,valid+test,0.6231857132428551,0.7991965917022856,0.4834545640596796,1922840,pykt_checkpoint,pyKT `skt` trained on learner-split train users; metrics on valid+test sequence positions. GKT adjacency from P0 exported graphs.,train_only
xes3g5m,0,42,dygkt,valid+test,0.7518100021282667,0.8125881204584071,0.4314876718511853,1922840,pykt_checkpoint,pyKT `dygkt` trained on learner-split train users; metrics on valid+test sequence positions. GKT adjacency from P0 exported graphs.,train_only
xes3g5m,0,42,dgekt,valid+test,0.8409904983626277,0.8440000222473741,0.35837914535288934,1922840,pykt_checkpoint,pyKT `dgekt` trained on learner-split train users; metrics on valid+test sequence positions. GKT adjacency from P0 exported graphs.,train_only
xes3g5m,0,42,bkt,valid+test,0.6343723683405742,0.7930415427180628,0.49193582995546975,1922840,classical_bkt_em,Independent-skill BKT (scipy L-BFGS-B); protocol graphs do not affect this baseline.,train_only
xes3g5m,0,42,gkt,valid+test,0.8345741013357009,0.8414137650065491,0.3631704273964576,1922840,pykt_checkpoint,pyKT `gkt` trained on learner-split train users; metrics on valid+test sequence positions. GKT adjacency from P0 exported graphs.,full_log
xes3g5m,0,42,gikt,valid+test,0.8776834320776132,0.859285358725003,0.32186679350229913,1922840,pykt_checkpoint,pyKT `gikt` trained on learner-split train users; metrics on valid+test sequence positions. GKT adjacency from P0 exported graphs.,full_log
xes3g5m,0,42,skt,valid+test,0.6231069851994533,0.7990867452925947,0.4831985629351103,1922840,pykt_checkpoint,pyKT `skt` trained on learner-split train users; metrics on valid+test sequence positions. GKT adjacency from P0 exported graphs.,full_log
xes3g5m,0,42,dygkt,valid+test,0.7512553877304841,0.8121431729761147,0.4321005614176857,1922840,pykt_checkpoint,pyKT `dygkt` trained on learner-split train users; metrics on valid+test sequence positions. GKT adjacency from P0 exported graphs.,full_log
xes3g5m,0,42,dgekt,valid+test,0.8407663799977609,0.8433520674762857,0.35891643607168006,1922840,pykt_checkpoint,pyKT `dgekt` trained on learner-split train users; metrics on valid+test sequence positions. GKT adjacency from P0 exported graphs.,full_log
xes3g5m,1,43,dkt,valid+test,0.8574876067596355,0.8515724722116392,0.3412272921611344,1922941,pykt_checkpoint,pyKT `dkt` trained on learner-split train users; metrics on valid+test sequence positions. GKT adjacency from P0 exported graphs.,train_only
xes3g5m,1,43,simplekt,valid+test,0.874682387936969,0.8586054233536248,0.3227357055914177,1922941,pykt_checkpoint,pyKT `simplekt` trained on learner-split train users; metrics on valid+test sequence positions. GKT adjacency from P0 exported graphs.,train_only
xes3g5m,1,43,akt,valid+test,0.8749594247761788,0.8581646472539788,0.32349987903682054,1922941,pykt_checkpoint,pyKT `akt` trained on learner-split train users; metrics on valid+test sequence positions. GKT adjacency from P0 exported graphs.,train_only
xes3g5m,1,43,gkt,valid+test,0.8337523448899595,0.8418573220279594,0.362733617878941,1922941,pykt_checkpoint,pyKT `gkt` trained on learner-split train users; metrics on valid+test sequence positions. GKT adjacency from P0 exported graphs.,train_only
xes3g5m,1,43,gikt,valid+test,0.8777828426318252,0.8602711954904573,0.319571180535475,1922941,pykt_checkpoint,pyKT `gikt` trained on learner-split train users; metrics on valid+test sequence positions. GKT adjacency from P0 exported graphs.,train_only
xes3g5m,1,43,skt,valid+test,0.626154515807123,0.8009471819529301,0.47992987386737285,1922941,pykt_checkpoint,pyKT `skt` trained on learner-split train users; metrics on valid+test sequence positions. GKT adjacency from P0 exported graphs.,train_only
xes3g5m,1,43,dygkt,valid+test,0.7537056630757254,0.8138770776961731,0.4291980431960954,1922941,pykt_checkpoint,pyKT `dygkt` trained on learner-split train users; metrics on valid+test sequence positions. GKT adjacency from P0 exported graphs.,train_only
xes3g5m,1,43,dgekt,valid+test,0.8415681009051226,0.8448245655504973,0.3564559626916846,1922941,pykt_checkpoint,pyKT `dgekt` trained on learner-split train users; metrics on valid+test sequence positions. GKT adjacency from P0 exported graphs.,train_only
xes3g5m,1,43,bkt,valid+test,0.6368711676147987,0.7913997361333499,0.4896926522182416,1922941,classical_bkt_em,Independent-skill BKT (scipy L-BFGS-B); protocol graphs do not affect this baseline.,train_only
xes3g5m,1,43,gkt,valid+test,0.8356640088286609,0.8430642420736777,0.3609224933349734,1922941,pykt_checkpoint,pyKT `gkt` trained on learner-split train users; metrics on valid+test sequence positions. GKT adjacency from P0 exported graphs.,full_log
xes3g5m,1,43,gikt,valid+test,0.8781816004576674,0.8602322625857567,0.3194207836313065,1922941,pykt_checkpoint,pyKT `gikt` trained on learner-split train users; metrics on valid+test sequence positions. GKT adjacency from P0 exported graphs.,full_log
xes3g5m,1,43,skt,valid+test,0.6258810185091404,0.8010320000667421,0.4797823696378365,1922941,pykt_checkpoint,pyKT `skt` trained on learner-split train users; metrics on valid+test sequence positions. GKT adjacency from P0 exported graphs.,full_log
xes3g5m,1,43,dygkt,valid+test,0.7474073396684769,0.813197142324795,0.43186582224557696,1922941,pykt_checkpoint,pyKT `dygkt` trained on learner-split train users; metrics on valid+test sequence positions. GKT adjacency from P0 exported graphs.,full_log
xes3g5m,1,43,dgekt,valid+test,0.8405716493151614,0.8436482356441867,0.3574448496893662,1922941,pykt_checkpoint,pyKT `dgekt` trained on learner-split train users; metrics on valid+test sequence positions. GKT adjacency from P0 exported graphs.,full_log
xes3g5m,2,44,dkt,valid+test,0.8579337558957363,0.8508383088658567,0.341646415248511,1920233,pykt_checkpoint,pyKT `dkt` trained on learner-split train users; metrics on valid+test sequence positions. GKT adjacency from P0 exported graphs.,train_only
xes3g5m,2,44,simplekt,valid+test,0.8750364454040779,0.857741947145801,0.3245251818364326,1920233,pykt_checkpoint,pyKT `simplekt` trained on learner-split train users; metrics on valid+test sequence positions. GKT adjacency from P0 exported graphs.,train_only
xes3g5m,2,44,akt,valid+test,0.8751752465388216,0.8574068460731994,0.3242597125078981,1920233,pykt_checkpoint,pyKT `akt` trained on learner-split train users; metrics on valid+test sequence positions. GKT adjacency from P0 exported graphs.,train_only
xes3g5m,2,44,gkt,valid+test,0.8326236895029956,0.8413887367106702,0.3640386555086073,1920233,pykt_checkpoint,pyKT `gkt` trained on learner-split train users; metrics on valid+test sequence positions. GKT adjacency from P0 exported graphs.,train_only
xes3g5m,2,44,gikt,valid+test,0.8781896690026951,0.8594911469355633,0.32199802622388357,1920233,pykt_checkpoint,pyKT `gikt` trained on learner-split train users; metrics on valid+test sequence positions. GKT adjacency from P0 exported graphs.,train_only
xes3g5m,2,44,skt,valid+test,0.6245510403107971,0.7998139563339665,0.4816193443741369,1920233,pykt_checkpoint,pyKT `skt` trained on learner-split train users; metrics on valid+test sequence positions. GKT adjacency from P0 exported graphs.,train_only
xes3g5m,2,44,dygkt,valid+test,0.7518545597629416,0.8126687671895727,0.43110350876996656,1920233,pykt_checkpoint,pyKT `dygkt` trained on learner-split train users; metrics on valid+test sequence positions. GKT adjacency from P0 exported graphs.,train_only
xes3g5m,2,44,dgekt,valid+test,0.8412660082158673,0.8443406851635042,0.3581945619265014,1920233,pykt_checkpoint,pyKT `dgekt` trained on learner-split train users; metrics on valid+test sequence positions. GKT adjacency from P0 exported graphs.,train_only
xes3g5m,2,44,bkt,valid+test,0.6375011948608468,0.79321259451327,0.48953755453884856,1920233,classical_bkt_em,Independent-skill BKT (scipy L-BFGS-B); protocol graphs do not affect this baseline.,train_only
xes3g5m,2,44,gkt,valid+test,0.8359091638276168,0.8423272978061308,0.3613268709911607,1920233,pykt_checkpoint,pyKT `gkt` trained on learner-split train users; metrics on valid+test sequence positions. GKT adjacency from P0 exported graphs.,full_log
xes3g5m,2,44,gikt,valid+test,0.8781912841009993,0.8599416562613844,0.3204554596007562,1920233,pykt_checkpoint,pyKT `gikt` trained on learner-split train users; metrics on valid+test sequence positions. GKT adjacency from P0 exported graphs.,full_log
xes3g5m,2,44,skt,valid+test,0.6244085055977253,0.7998459369342562,0.4818183978930507,1920233,pykt_checkpoint,pyKT `skt` trained on learner-split train users; metrics on valid+test sequence positions. GKT adjacency from P0 exported graphs.,full_log
xes3g5m,2,44,dygkt,valid+test,0.7490258224887265,0.8109390338521606,0.443220312248679,1920233,pykt_checkpoint,pyKT `dygkt` trained on learner-split train users; metrics on valid+test sequence positions. GKT adjacency from P0 exported graphs.,full_log
xes3g5m,2,44,dgekt,valid+test,0.8416211247098458,0.8436440642615401,0.3572659268147471,1920233,pykt_checkpoint,pyKT `dgekt` trained on learner-split train users; metrics on valid+test sequence positions. GKT adjacency from P0 exported graphs.,full_log
